VES_VAL_MO,VES_WGT_MO,PORT_NAME,time,PORT,port
3439162614,1213524503,"BALTIMORE, MD",2019-01,1303,Baltimore
3503063676,1120493870,"BALTIMORE, MD",2019-02,1303,Baltimore
3719890098,1063839057,"BALTIMORE, MD",2019-03,1303,Baltimore
4139140781,1075456430,"BALTIMORE, MD",2019-04,1303,Baltimore
3991269456,1197129890,"BALTIMORE, MD",2019-05,1303,Baltimore
3298934572,911483936,"BALTIMORE, MD",2019-06,1303,Baltimore
3747042519,1158451285,"BALTIMORE, MD",2019-07,1303,Baltimore
3433656497,950539182,"BALTIMORE, MD",2019-08,1303,Baltimore
3381158740,1017103618,"BALTIMORE, MD",2019-09,1303,Baltimore
3605021784,932469444,"BALTIMORE, MD",2019-10,1303,Baltimore
3319604251,951663950,"BALTIMORE, MD",2019-11,1303,Baltimore
3801104950,1236436720,"BALTIMORE, MD",2019-12,1303,Baltimore
3030853398,1095083791,"BALTIMORE, MD",2020-01,1303,Baltimore
2847839334,884809304,"BALTIMORE, MD",2020-02,1303,Baltimore
3636691279,953009628,"BALTIMORE, MD",2020-03,1303,Baltimore
2705167747,1202454837,"BALTIMORE, MD",2020-04,1303,Baltimore
2267245346,817212603,"BALTIMORE, MD",2020-05,1303,Baltimore
2129814481,939886731,"BALTIMORE, MD",2020-06,1303,Baltimore
2660427511,827551208,"BALTIMORE, MD",2020-07,1303,Baltimore
2733987059,952397728,"BALTIMORE, MD",2020-08,1303,Baltimore
3243146318,1135978999,"BALTIMORE, MD",2020-09,1303,Baltimore
3444442671,1055389052,"BALTIMORE, MD",2020-10,1303,Baltimore
3631104949,980183729,"BALTIMORE, MD",2020-11,1303,Baltimore
4394945962,1044069047,"BALTIMORE, MD",2020-12,1303,Baltimore
3524049844,1117314845,"BALTIMORE, MD",2021-01,1303,Baltimore
2713374604,763844997,"BALTIMORE, MD",2021-02,1303,Baltimore
4466387488,1237810855,"BALTIMORE, MD",2021-03,1303,Baltimore
3971305066,1162936208,"BALTIMORE, MD",2021-04,1303,Baltimore
3672779000,1008195669,"BALTIMORE, MD",2021-05,1303,Baltimore
3759916446,1035806977,"BALTIMORE, MD",2021-06,1303,Baltimore
3747376903,1004986884,"BALTIMORE, MD",2021-07,1303,Baltimore
3669858928,976804689,"BALTIMORE, MD",2021-08,1303,Baltimore
3328397893,1104903951,"BALTIMORE, MD",2021-09,1303,Baltimore
3321602367,1176012006,"BALTIMORE, MD",2021-10,1303,Baltimore
3631169205,939493499,"BALTIMORE, MD",2021-11,1303,Baltimore
4436907013,1414807650,"BALTIMORE, MD",2021-12,1303,Baltimore
4081217749,1040879502,"BALTIMORE, MD",2022-01,1303,Baltimore
3426863073,1054919826,"BALTIMORE, MD",2022-02,1303,Baltimore
4916318269,1088475474,"BALTIMORE, MD",2022-03,1303,Baltimore
4034022551,1170506390,"BALTIMORE, MD",2022-04,1303,Baltimore
5039683705,1282638863,"BALTIMORE, MD",2022-05,1303,Baltimore
5086384134,1370418220,"BALTIMORE, MD",2022-06,1303,Baltimore
4657663389,1078434415,"BALTIMORE, MD",2022-07,1303,Baltimore
5124239162,1345893409,"BALTIMORE, MD",2022-08,1303,Baltimore
4285782709,1279899312,"BALTIMORE, MD",2022-09,1303,Baltimore
4954605232,1204438682,"BALTIMORE, MD",2022-10,1303,Baltimore
4559281813,1010595765,"BALTIMORE, MD",2022-11,1303,Baltimore
5059257276,1189319936,"BALTIMORE, MD",2022-12,1303,Baltimore
5164904897,1284061390,"BALTIMORE, MD",2023-01,1303,Baltimore
4552190177,1120570030,"BALTIMORE, MD",2023-02,1303,Baltimore
4547395156,1241955465,"BALTIMORE, MD",2023-03,1303,Baltimore
4961759896,1167227668,"BALTIMORE, MD",2023-04,1303,Baltimore
4672603378,1153226553,"BALTIMORE, MD",2023-05,1303,Baltimore
5014468709,1080406617,"BALTIMORE, MD",2023-06,1303,Baltimore
5268985567,1326397768,"BALTIMORE, MD",2023-07,1303,Baltimore
4830123636,1080880835,"BALTIMORE, MD",2023-08,1303,Baltimore
4432872874,1062616610,"BALTIMORE, MD",2023-09,1303,Baltimore
4673811829,1126053551,"BALTIMORE, MD",2023-10,1303,Baltimore
4982785443,1072271777,"BALTIMORE, MD",2023-11,1303,Baltimore
5612417833,1117679875,"BALTIMORE, MD",2023-12,1303,Baltimore
4722395537,1140315385,"BALTIMORE, MD",2024-01,1303,Baltimore
4080443640,1030690605,"BALTIMORE, MD",2024-02,1303,Baltimore
4545638792,1017694205,"BALTIMORE, MD",2024-03,1303,Baltimore
1444669628,301460189,"BALTIMORE, MD",2024-04,1303,Baltimore
2469053607,505991025,"BALTIMORE, MD",2024-05,1303,Baltimore
3161018816,660253264,"BALTIMORE, MD",2024-06,1303,Baltimore
4110759129,805117123,"BALTIMORE, MD",2024-07,1303,Baltimore
4123301822,1068225751,"BALTIMORE, MD",2024-08,1303,Baltimore
4438645880,1020102942,"BALTIMORE, MD",2024-09,1303,Baltimore
3779464062,1008828202,"BALTIMORE, MD",2024-10,1303,Baltimore
5506358426,1122408899,"BALTIMORE, MD",2024-11,1303,Baltimore
5102787063,1159855495,"BALTIMORE, MD",2024-12,1303,Baltimore
4083567032,1087099272,"BALTIMORE, MD",2025-01,1303,Baltimore
4369532115,1106013909,"BALTIMORE, MD",2025-02,1303,Baltimore
5837464904,1394743026,"BALTIMORE, MD",2025-03,1303,Baltimore
4284973286,1120746413,"BALTIMORE, MD",2025-04,1303,Baltimore
4399149474,1291278977,"BALTIMORE, MD",2025-05,1303,Baltimore
4263224658,1156257648,"BALTIMORE, MD",2025-06,1303,Baltimore
4239463178,1166996689,"BALTIMORE, MD",2025-07,1303,Baltimore
3696027306,1029132031,"BALTIMORE, MD",2025-08,1303,Baltimore
3242809292,887545965,"BALTIMORE, MD",2025-09,1303,Baltimore
3689882409,1027192756,"BALTIMORE, MD",2025-10,1303,Baltimore
3728183501,992634366,"BALTIMORE, MD",2025-11,1303,Baltimore
4260044406,1172628312,"BALTIMORE, MD",2025-12,1303,Baltimore
3794917708,1000978437,"BALTIMORE, MD",2026-01,1303,Baltimore
3703782596,1088453706,"BALTIMORE, MD",2026-02,1303,Baltimore
4963578025,1173106556,"BALTIMORE, MD",2026-03,1303,Baltimore
4449952240,1250667489,"BALTIMORE, MD",2026-04,1303,Baltimore
4462376263,1015362949,"BALTIMORE, MD",2026-05,1303,Baltimore
4336995814,1179321326,"BALTIMORE, MD",2026-06,1303,Baltimore
4716487016,1093711252,"BALTIMORE, MD",2026-07,1303,Baltimore
4272750792,941059754,"NORFOLK-NEWPORT NEWS, VA",2019-01,1401,Norfolk
3821603907,878443343,"NORFOLK-NEWPORT NEWS, VA",2019-02,1401,Norfolk
3941114393,962819983,"NORFOLK-NEWPORT NEWS, VA",2019-03,1401,Norfolk
4538918941,1009982405,"NORFOLK-NEWPORT NEWS, VA",2019-04,1401,Norfolk
4405845299,977025777,"NORFOLK-NEWPORT NEWS, VA",2019-05,1401,Norfolk
3935916921,960900507,"NORFOLK-NEWPORT NEWS, VA",2019-06,1401,Norfolk
4473064989,995270633,"NORFOLK-NEWPORT NEWS, VA",2019-07,1401,Norfolk
4311232033,951941240,"NORFOLK-NEWPORT NEWS, VA",2019-08,1401,Norfolk
4246787620,958872631,"NORFOLK-NEWPORT NEWS, VA",2019-09,1401,Norfolk
4257904597,969409765,"NORFOLK-NEWPORT NEWS, VA",2019-10,1401,Norfolk
3958180018,802486855,"NORFOLK-NEWPORT NEWS, VA",2019-11,1401,Norfolk
3720324294,858143680,"NORFOLK-NEWPORT NEWS, VA",2019-12,1401,Norfolk
3885714113,851100128,"NORFOLK-NEWPORT NEWS, VA",2020-01,1401,Norfolk
3534534154,733481974,"NORFOLK-NEWPORT NEWS, VA",2020-02,1401,Norfolk
3702342990,877984556,"NORFOLK-NEWPORT NEWS, VA",2020-03,1401,Norfolk
3687068187,891412655,"NORFOLK-NEWPORT NEWS, VA",2020-04,1401,Norfolk
2977925874,815433960,"NORFOLK-NEWPORT NEWS, VA",2020-05,1401,Norfolk
3174477014,890867470,"NORFOLK-NEWPORT NEWS, VA",2020-06,1401,Norfolk
3476781067,801783568,"NORFOLK-NEWPORT NEWS, VA",2020-07,1401,Norfolk
3794325474,849808134,"NORFOLK-NEWPORT NEWS, VA",2020-08,1401,Norfolk
3883865766,872740145,"NORFOLK-NEWPORT NEWS, VA",2020-09,1401,Norfolk
4305081560,917135062,"NORFOLK-NEWPORT NEWS, VA",2020-10,1401,Norfolk
4060063368,934382139,"NORFOLK-NEWPORT NEWS, VA",2020-11,1401,Norfolk
3863210528,895474483,"NORFOLK-NEWPORT NEWS, VA",2020-12,1401,Norfolk
4330254961,950651393,"NORFOLK-NEWPORT NEWS, VA",2021-01,1401,Norfolk
3559999762,907395720,"NORFOLK-NEWPORT NEWS, VA",2021-02,1401,Norfolk
4521782168,1050642786,"NORFOLK-NEWPORT NEWS, VA",2021-03,1401,Norfolk
4775202768,1169072720,"NORFOLK-NEWPORT NEWS, VA",2021-04,1401,Norfolk
5202308913,1219802216,"NORFOLK-NEWPORT NEWS, VA",2021-05,1401,Norfolk
4960900375,1247719424,"NORFOLK-NEWPORT NEWS, VA",2021-06,1401,Norfolk
5352117239,1083487945,"NORFOLK-NEWPORT NEWS, VA",2021-07,1401,Norfolk
5195372608,1232154109,"NORFOLK-NEWPORT NEWS, VA",2021-08,1401,Norfolk
5401108312,1242972487,"NORFOLK-NEWPORT NEWS, VA",2021-09,1401,Norfolk
5486774349,1256379935,"NORFOLK-NEWPORT NEWS, VA",2021-10,1401,Norfolk
5636597733,1145951494,"NORFOLK-NEWPORT NEWS, VA",2021-11,1401,Norfolk
5628426117,1142003598,"NORFOLK-NEWPORT NEWS, VA",2021-12,1401,Norfolk
5372816784,1062050474,"NORFOLK-NEWPORT NEWS, VA",2022-01,1401,Norfolk
4994103864,1061430146,"NORFOLK-NEWPORT NEWS, VA",2022-02,1401,Norfolk
5623425293,1316311606,"NORFOLK-NEWPORT NEWS, VA",2022-03,1401,Norfolk
5753024126,1219749642,"NORFOLK-NEWPORT NEWS, VA",2022-04,1401,Norfolk
6669720654,1241625838,"NORFOLK-NEWPORT NEWS, VA",2022-05,1401,Norfolk
6021809715,1234237732,"NORFOLK-NEWPORT NEWS, VA",2022-06,1401,Norfolk
6052391082,1188925544,"NORFOLK-NEWPORT NEWS, VA",2022-07,1401,Norfolk
6620226369,1319501243,"NORFOLK-NEWPORT NEWS, VA",2022-08,1401,Norfolk
6279168601,1237155613,"NORFOLK-NEWPORT NEWS, VA",2022-09,1401,Norfolk
6259072223,1096225843,"NORFOLK-NEWPORT NEWS, VA",2022-10,1401,Norfolk
5634375025,1036896263,"NORFOLK-NEWPORT NEWS, VA",2022-11,1401,Norfolk
5796991812,1042499656,"NORFOLK-NEWPORT NEWS, VA",2022-12,1401,Norfolk
6096703342,1124200585,"NORFOLK-NEWPORT NEWS, VA",2023-01,1401,Norfolk
4907564311,959414413,"NORFOLK-NEWPORT NEWS, VA",2023-02,1401,Norfolk
5291888555,886456644,"NORFOLK-NEWPORT NEWS, VA",2023-03,1401,Norfolk
5496579305,1032636998,"NORFOLK-NEWPORT NEWS, VA",2023-04,1401,Norfolk
5641496288,1087613601,"NORFOLK-NEWPORT NEWS, VA",2023-05,1401,Norfolk
5883440980,1138423235,"NORFOLK-NEWPORT NEWS, VA",2023-06,1401,Norfolk
6233010522,1253044397,"NORFOLK-NEWPORT NEWS, VA",2023-07,1401,Norfolk
6173086413,1092984577,"NORFOLK-NEWPORT NEWS, VA",2023-08,1401,Norfolk
5700556185,987873012,"NORFOLK-NEWPORT NEWS, VA",2023-09,1401,Norfolk
6437556356,1120892796,"NORFOLK-NEWPORT NEWS, VA",2023-10,1401,Norfolk
5729372267,1011297547,"NORFOLK-NEWPORT NEWS, VA",2023-11,1401,Norfolk
5418758388,969871797,"NORFOLK-NEWPORT NEWS, VA",2023-12,1401,Norfolk
5727754283,1048264210,"NORFOLK-NEWPORT NEWS, VA",2024-01,1401,Norfolk
5567657489,1072202212,"NORFOLK-NEWPORT NEWS, VA",2024-02,1401,Norfolk
5951458458,1301268981,"NORFOLK-NEWPORT NEWS, VA",2024-03,1401,Norfolk
6451878199,1333651248,"NORFOLK-NEWPORT NEWS, VA",2024-04,1401,Norfolk
6776962778,1439345122,"NORFOLK-NEWPORT NEWS, VA",2024-05,1401,Norfolk
5506821019,1044806002,"NORFOLK-NEWPORT NEWS, VA",2024-06,1401,Norfolk
6443008909,1293092110,"NORFOLK-NEWPORT NEWS, VA",2024-07,1401,Norfolk
6059181535,1087927326,"NORFOLK-NEWPORT NEWS, VA",2024-08,1401,Norfolk
5788018293,1103002983,"NORFOLK-NEWPORT NEWS, VA",2024-09,1401,Norfolk
5255742148,1022577261,"NORFOLK-NEWPORT NEWS, VA",2024-10,1401,Norfolk
5155848272,1023477058,"NORFOLK-NEWPORT NEWS, VA",2024-11,1401,Norfolk
5204112747,1043348575,"NORFOLK-NEWPORT NEWS, VA",2024-12,1401,Norfolk
5085941763,1007554803,"NORFOLK-NEWPORT NEWS, VA",2025-01,1401,Norfolk
4524420627,982957423,"NORFOLK-NEWPORT NEWS, VA",2025-02,1401,Norfolk
5456935259,1184414044,"NORFOLK-NEWPORT NEWS, VA",2025-03,1401,Norfolk
5791229432,1152187600,"NORFOLK-NEWPORT NEWS, VA",2025-04,1401,Norfolk
5947534358,1250227310,"NORFOLK-NEWPORT NEWS, VA",2025-05,1401,Norfolk
5352993911,1022393536,"NORFOLK-NEWPORT NEWS, VA",2025-06,1401,Norfolk
5886503160,1171382493,"NORFOLK-NEWPORT NEWS, VA",2025-07,1401,Norfolk
5715226544,1143563719,"NORFOLK-NEWPORT NEWS, VA",2025-08,1401,Norfolk
5652667491,1026778555,"NORFOLK-NEWPORT NEWS, VA",2025-09,1401,Norfolk
5076103733,985064436,"NORFOLK-NEWPORT NEWS, VA",2025-10,1401,Norfolk
4786471411,1010179042,"NORFOLK-NEWPORT NEWS, VA",2025-11,1401,Norfolk
5567368972,1134518550,"NORFOLK-NEWPORT NEWS, VA",2025-12,1401,Norfolk
5507740675,1248663969,"NORFOLK-NEWPORT NEWS, VA",2026-01,1401,Norfolk
4564203484,982163495,"NORFOLK-NEWPORT NEWS, VA",2026-02,1401,Norfolk
5985986306,1257072313,"NORFOLK-NEWPORT NEWS, VA",2026-03,1401,Norfolk
5294286993,1192838551,"NORFOLK-NEWPORT NEWS, VA",2026-04,1401,Norfolk
6100827628,1300998318,"NORFOLK-NEWPORT NEWS, VA",2026-05,1401,Norfolk
5997130114,1179631096,"NORFOLK-NEWPORT NEWS, VA",2026-06,1401,Norfolk
5735963490,1204364628,"NORFOLK-NEWPORT NEWS, VA",2026-07,1401,Norfolk
3749189958,995290561,"CHARLESTON, SC",2019-01,1601,Charleston
3605560216,902564305,"CHARLESTON, SC",2019-02,1601,Charleston
4087989156,1035634816,"CHARLESTON, SC",2019-03,1601,Charleston
4102064032,1068823619,"CHARLESTON, SC",2019-04,1601,Charleston
4116585159,1141743350,"CHARLESTON, SC",2019-05,1601,Charleston
3854627983,992431253,"CHARLESTON, SC",2019-06,1601,Charleston
4026697637,1064201455,"CHARLESTON, SC",2019-07,1601,Charleston
4485332011,1084411175,"CHARLESTON, SC",2019-08,1601,Charleston
3951583094,1024465271,"CHARLESTON, SC",2019-09,1601,Charleston
4239947670,1078520851,"CHARLESTON, SC",2019-10,1601,Charleston
3769705439,810960715,"CHARLESTON, SC",2019-11,1601,Charleston
3587940154,1047366089,"CHARLESTON, SC",2019-12,1601,Charleston
3845160064,1114934193,"CHARLESTON, SC",2020-01,1601,Charleston
4127895647,1070356769,"CHARLESTON, SC",2020-02,1601,Charleston
3776456471,1138246516,"CHARLESTON, SC",2020-03,1601,Charleston
3679377506,1035176099,"CHARLESTON, SC",2020-04,1601,Charleston
3292952376,962927155,"CHARLESTON, SC",2020-05,1601,Charleston
3054255887,987553070,"CHARLESTON, SC",2020-06,1601,Charleston
3799329162,1113468624,"CHARLESTON, SC",2020-07,1601,Charleston
4058529077,1105968409,"CHARLESTON, SC",2020-08,1601,Charleston
4131871513,990729330,"CHARLESTON, SC",2020-09,1601,Charleston
4327981835,1259360640,"CHARLESTON, SC",2020-10,1601,Charleston
4303093911,1074298864,"CHARLESTON, SC",2020-11,1601,Charleston
4179709801,1106835489,"CHARLESTON, SC",2020-12,1601,Charleston
4210202294,1026786358,"CHARLESTON, SC",2021-01,1601,Charleston
3755900756,1061977100,"CHARLESTON, SC",2021-02,1601,Charleston
5032029027,1339049612,"CHARLESTON, SC",2021-03,1601,Charleston
4805248711,1405313181,"CHARLESTON, SC",2021-04,1601,Charleston
4796171141,1411947125,"CHARLESTON, SC",2021-05,1601,Charleston
4742195088,1224774061,"CHARLESTON, SC",2021-06,1601,Charleston
5498683836,1562080023,"CHARLESTON, SC",2021-07,1601,Charleston
5479244951,1419338645,"CHARLESTON, SC",2021-08,1601,Charleston
5147675984,1313845315,"CHARLESTON, SC",2021-09,1601,Charleston
4564802666,1027169161,"CHARLESTON, SC",2021-10,1601,Charleston
5763139646,1382038568,"CHARLESTON, SC",2021-11,1601,Charleston
5674614561,1322827276,"CHARLESTON, SC",2021-12,1601,Charleston
6131771559,1505630301,"CHARLESTON, SC",2022-01,1601,Charleston
5679692527,1348632727,"CHARLESTON, SC",2022-02,1601,Charleston
5863334623,1229030695,"CHARLESTON, SC",2022-03,1601,Charleston
6677904068,1482257844,"CHARLESTON, SC",2022-04,1601,Charleston
6332915688,1694343173,"CHARLESTON, SC",2022-05,1601,Charleston
4903076955,1206493323,"CHARLESTON, SC",2022-06,1601,Charleston
5435064373,1542062427,"CHARLESTON, SC",2022-07,1601,Charleston
5718539498,1260186279,"CHARLESTON, SC",2022-08,1601,Charleston
6030999114,1378223130,"CHARLESTON, SC",2022-09,1601,Charleston
6376933714,1353907433,"CHARLESTON, SC",2022-10,1601,Charleston
5442303296,1112131501,"CHARLESTON, SC",2022-11,1601,Charleston
5812607817,1169538354,"CHARLESTON, SC",2022-12,1601,Charleston
6259233646,1320752673,"CHARLESTON, SC",2023-01,1601,Charleston
5484605487,1024724945,"CHARLESTON, SC",2023-02,1601,Charleston
5706560746,1181058145,"CHARLESTON, SC",2023-03,1601,Charleston
5865259384,1294075117,"CHARLESTON, SC",2023-04,1601,Charleston
5850017206,1366741868,"CHARLESTON, SC",2023-05,1601,Charleston
5624208808,1315879098,"CHARLESTON, SC",2023-06,1601,Charleston
5764697014,1205569068,"CHARLESTON, SC",2023-07,1601,Charleston
5782204061,1234650687,"CHARLESTON, SC",2023-08,1601,Charleston
5321593376,1266773622,"CHARLESTON, SC",2023-09,1601,Charleston
6169861494,1287007689,"CHARLESTON, SC",2023-10,1601,Charleston
5248504228,1312611641,"CHARLESTON, SC",2023-11,1601,Charleston
5039153445,1100278484,"CHARLESTON, SC",2023-12,1601,Charleston
5487068227,1230252285,"CHARLESTON, SC",2024-01,1601,Charleston
5542882031,1343640058,"CHARLESTON, SC",2024-02,1601,Charleston
6247538556,1238391109,"CHARLESTON, SC",2024-03,1601,Charleston
6864318394,1266520759,"CHARLESTON, SC",2024-04,1601,Charleston
5829554503,1274221486,"CHARLESTON, SC",2024-05,1601,Charleston
4972758190,1306983666,"CHARLESTON, SC",2024-06,1601,Charleston
5939048847,1313430887,"CHARLESTON, SC",2024-07,1601,Charleston
5590104641,1198670136,"CHARLESTON, SC",2024-08,1601,Charleston
5948288100,1296168482,"CHARLESTON, SC",2024-09,1601,Charleston
5151420270,1338494959,"CHARLESTON, SC",2024-10,1601,Charleston
5396494802,1116158480,"CHARLESTON, SC",2024-11,1601,Charleston
5026968895,1123462812,"CHARLESTON, SC",2024-12,1601,Charleston
4654495010,1066276735,"CHARLESTON, SC",2025-01,1601,Charleston
4881157079,1100658783,"CHARLESTON, SC",2025-02,1601,Charleston
5473079774,1468918246,"CHARLESTON, SC",2025-03,1601,Charleston
4967079663,1233008388,"CHARLESTON, SC",2025-04,1601,Charleston
5211204060,1332867271,"CHARLESTON, SC",2025-05,1601,Charleston
4831422006,1284125033,"CHARLESTON, SC",2025-06,1601,Charleston
5008085129,1385852049,"CHARLESTON, SC",2025-07,1601,Charleston
5773978882,1442332438,"CHARLESTON, SC",2025-08,1601,Charleston
5209847326,1250320706,"CHARLESTON, SC",2025-09,1601,Charleston
4619980858,1351891691,"CHARLESTON, SC",2025-10,1601,Charleston
4445653080,1047698943,"CHARLESTON, SC",2025-11,1601,Charleston
4625027681,1205444111,"CHARLESTON, SC",2025-12,1601,Charleston
4384999881,1033883304,"CHARLESTON, SC",2026-01,1601,Charleston
4090705481,1223147049,"CHARLESTON, SC",2026-02,1601,Charleston
5516950339,1400130469,"CHARLESTON, SC",2026-03,1601,Charleston
4822132083,1251099985,"CHARLESTON, SC",2026-04,1601,Charleston
5207467388,1355296745,"CHARLESTON, SC",2026-05,1601,Charleston
4866844715,1251108356,"CHARLESTON, SC",2026-06,1601,Charleston
4794792746,1426184408,"CHARLESTON, SC",2026-07,1601,Charleston
7177701118,1884228509,"SAVANNAH, GA",2019-01,1703,Savannah
5417610563,1401021450,"SAVANNAH, GA",2019-02,1703,Savannah
6967972387,1745413764,"SAVANNAH, GA",2019-03,1703,Savannah
6538617763,1692524604,"SAVANNAH, GA",2019-04,1703,Savannah
6644302480,1771983478,"SAVANNAH, GA",2019-05,1703,Savannah
6071353678,1515103091,"SAVANNAH, GA",2019-06,1703,Savannah
7055384532,1806490800,"SAVANNAH, GA",2019-07,1703,Savannah
7339599009,1793881683,"SAVANNAH, GA",2019-08,1703,Savannah
6265234168,1443045965,"SAVANNAH, GA",2019-09,1703,Savannah
6510886085,1635631120,"SAVANNAH, GA",2019-10,1703,Savannah
5877054554,1641203791,"SAVANNAH, GA",2019-11,1703,Savannah
5923063083,1607355892,"SAVANNAH, GA",2019-12,1703,Savannah
6442811556,1530945755,"SAVANNAH, GA",2020-01,1703,Savannah
5674743848,1404627982,"SAVANNAH, GA",2020-02,1703,Savannah
5814668877,1480399930,"SAVANNAH, GA",2020-03,1703,Savannah
6002692722,1562448341,"SAVANNAH, GA",2020-04,1703,Savannah
5437718314,1448120103,"SAVANNAH, GA",2020-05,1703,Savannah
5315223620,1668122133,"SAVANNAH, GA",2020-06,1703,Savannah
5850908617,1530118675,"SAVANNAH, GA",2020-07,1703,Savannah
7353188341,1885747017,"SAVANNAH, GA",2020-08,1703,Savannah
7000065846,1740983789,"SAVANNAH, GA",2020-09,1703,Savannah
7232030923,1643989306,"SAVANNAH, GA",2020-10,1703,Savannah
7341239116,1842713582,"SAVANNAH, GA",2020-11,1703,Savannah
6889642262,1839727902,"SAVANNAH, GA",2020-12,1703,Savannah
7665192669,1816938095,"SAVANNAH, GA",2021-01,1703,Savannah
6771924904,1744760192,"SAVANNAH, GA",2021-02,1703,Savannah
8466237146,2088699193,"SAVANNAH, GA",2021-03,1703,Savannah
7932262400,1974286031,"SAVANNAH, GA",2021-04,1703,Savannah
8361257559,2118125754,"SAVANNAH, GA",2021-05,1703,Savannah
7657081886,1895422455,"SAVANNAH, GA",2021-06,1703,Savannah
8212926543,2036623339,"SAVANNAH, GA",2021-07,1703,Savannah
8563453070,2124919001,"SAVANNAH, GA",2021-08,1703,Savannah
8083573803,1990446436,"SAVANNAH, GA",2021-09,1703,Savannah
8757031499,2125457258,"SAVANNAH, GA",2021-10,1703,Savannah
8381230176,2142292566,"SAVANNAH, GA",2021-11,1703,Savannah
8284062027,2087909030,"SAVANNAH, GA",2021-12,1703,Savannah
8803801008,2173571909,"SAVANNAH, GA",2022-01,1703,Savannah
7486181962,1833117065,"SAVANNAH, GA",2022-02,1703,Savannah
8757719650,1984065427,"SAVANNAH, GA",2022-03,1703,Savannah
9267117097,2282551690,"SAVANNAH, GA",2022-04,1703,Savannah
9926605077,2342450966,"SAVANNAH, GA",2022-05,1703,Savannah
9864143065,2286291378,"SAVANNAH, GA",2022-06,1703,Savannah
9414595331,2194055602,"SAVANNAH, GA",2022-07,1703,Savannah
11218975826,2530605824,"SAVANNAH, GA",2022-08,1703,Savannah
9537100924,2206253713,"SAVANNAH, GA",2022-09,1703,Savannah
10257509366,2389350497,"SAVANNAH, GA",2022-10,1703,Savannah
9535684578,2133652319,"SAVANNAH, GA",2022-11,1703,Savannah
9046940213,1922740773,"SAVANNAH, GA",2022-12,1703,Savannah
9027725928,2077855971,"SAVANNAH, GA",2023-01,1703,Savannah
7482344530,1754065757,"SAVANNAH, GA",2023-02,1703,Savannah
7399837753,1722573904,"SAVANNAH, GA",2023-03,1703,Savannah
7929027181,1796978139,"SAVANNAH, GA",2023-04,1703,Savannah
7776238217,2061953620,"SAVANNAH, GA",2023-05,1703,Savannah
7070236247,1785918458,"SAVANNAH, GA",2023-06,1703,Savannah
8942312744,2121673099,"SAVANNAH, GA",2023-07,1703,Savannah
8003215171,1780475064,"SAVANNAH, GA",2023-08,1703,Savannah
7795809456,1919200751,"SAVANNAH, GA",2023-09,1703,Savannah
8395127231,2071056745,"SAVANNAH, GA",2023-10,1703,Savannah
7873294174,1846415040,"SAVANNAH, GA",2023-11,1703,Savannah
7424956237,1857372675,"SAVANNAH, GA",2023-12,1703,Savannah
8131946191,2076106847,"SAVANNAH, GA",2024-01,1703,Savannah
7619947338,1858700121,"SAVANNAH, GA",2024-02,1703,Savannah
7962621209,2011187090,"SAVANNAH, GA",2024-03,1703,Savannah
8036833262,2133659256,"SAVANNAH, GA",2024-04,1703,Savannah
8049285796,2069105417,"SAVANNAH, GA",2024-05,1703,Savannah
7691695357,2045661679,"SAVANNAH, GA",2024-06,1703,Savannah
8578027851,2169002855,"SAVANNAH, GA",2024-07,1703,Savannah
8335895944,2121508898,"SAVANNAH, GA",2024-08,1703,Savannah
7903051765,1827771980,"SAVANNAH, GA",2024-09,1703,Savannah
7902963870,1970151277,"SAVANNAH, GA",2024-10,1703,Savannah
7297832177,2050286105,"SAVANNAH, GA",2024-11,1703,Savannah
7274014491,1963187653,"SAVANNAH, GA",2024-12,1703,Savannah
7255681980,1828392961,"SAVANNAH, GA",2025-01,1703,Savannah
7318566805,1807240988,"SAVANNAH, GA",2025-02,1703,Savannah
8724510386,2214912024,"SAVANNAH, GA",2025-03,1703,Savannah
8582378095,2088804621,"SAVANNAH, GA",2025-04,1703,Savannah
8360228520,2009272866,"SAVANNAH, GA",2025-05,1703,Savannah
6883299214,1775827043,"SAVANNAH, GA",2025-06,1703,Savannah
7912003881,2093516532,"SAVANNAH, GA",2025-07,1703,Savannah
8250319554,1934758741,"SAVANNAH, GA",2025-08,1703,Savannah
7806982581,2021347535,"SAVANNAH, GA",2025-09,1703,Savannah
6838458579,1795317827,"SAVANNAH, GA",2025-10,1703,Savannah
6546644540,1820364781,"SAVANNAH, GA",2025-11,1703,Savannah
7130582086,2034953994,"SAVANNAH, GA",2025-12,1703,Savannah
7594419607,1970168723,"SAVANNAH, GA",2026-01,1703,Savannah
6598045749,1733378174,"SAVANNAH, GA",2026-02,1703,Savannah
7531260388,2016057118,"SAVANNAH, GA",2026-03,1703,Savannah
7082502036,1865823114,"SAVANNAH, GA",2026-04,1703,Savannah
7683516529,2037892101,"SAVANNAH, GA",2026-05,1703,Savannah
7820756173,2059410129,"SAVANNAH, GA",2026-06,1703,Savannah
7765574089,1997811538,"SAVANNAH, GA",2026-07,1703,Savannah
5884424136,5413606584,"HOUSTON, TX",2019-01,5301,Houston
4212469873,3870938104,"HOUSTON, TX",2019-02,5301,Houston
5484177664,4252745736,"HOUSTON, TX",2019-03,5301,Houston
6057355519,5414375173,"HOUSTON, TX",2019-04,5301,Houston
5902736285,5105536197,"HOUSTON, TX",2019-05,5301,Houston
5583607112,5009027983,"HOUSTON, TX",2019-06,5301,Houston
5945065702,5186139497,"HOUSTON, TX",2019-07,5301,Houston
5679262600,4855173318,"HOUSTON, TX",2019-08,5301,Houston
4762931561,4083916244,"HOUSTON, TX",2019-09,5301,Houston
5080966864,4156145005,"HOUSTON, TX",2019-10,5301,Houston
4446201244,3918290175,"HOUSTON, TX",2019-11,5301,Houston
4744062325,4276518985,"HOUSTON, TX",2019-12,5301,Houston
5060156361,4381609789,"HOUSTON, TX",2020-01,5301,Houston
4222493999,4058330315,"HOUSTON, TX",2020-02,5301,Houston
4598741180,4452033020,"HOUSTON, TX",2020-03,5301,Houston
4317866953,4500968291,"HOUSTON, TX",2020-04,5301,Houston
3804913898,4482654202,"HOUSTON, TX",2020-05,5301,Houston
3672236263,4157882428,"HOUSTON, TX",2020-06,5301,Houston
4349511912,3982484057,"HOUSTON, TX",2020-07,5301,Houston
4170183991,3512270589,"HOUSTON, TX",2020-08,5301,Houston
4251518631,3971318173,"HOUSTON, TX",2020-09,5301,Houston
4643100759,3704876164,"HOUSTON, TX",2020-10,5301,Houston
4527708345,3766002910,"HOUSTON, TX",2020-11,5301,Houston
4402214704,2948872086,"HOUSTON, TX",2020-12,5301,Houston
4940850925,3887741833,"HOUSTON, TX",2021-01,5301,Houston
3540317688,2714240973,"HOUSTON, TX",2021-02,5301,Houston
5578665989,3662634068,"HOUSTON, TX",2021-03,5301,Houston
5715890584,4737378703,"HOUSTON, TX",2021-04,5301,Houston
6111192827,4780081691,"HOUSTON, TX",2021-05,5301,Houston
6300915847,4673796459,"HOUSTON, TX",2021-06,5301,Houston
6713299368,4726228286,"HOUSTON, TX",2021-07,5301,Houston
6988984881,4805243795,"HOUSTON, TX",2021-08,5301,Houston
7019916364,4716631089,"HOUSTON, TX",2021-09,5301,Houston
7064260881,4630119693,"HOUSTON, TX",2021-10,5301,Houston
7585294268,4465087273,"HOUSTON, TX",2021-11,5301,Houston
7177051416,4143356149,"HOUSTON, TX",2021-12,5301,Houston
8045970457,4700064570,"HOUSTON, TX",2022-01,5301,Houston
7741983248,4854341928,"HOUSTON, TX",2022-02,5301,Houston
8781362153,5439954564,"HOUSTON, TX",2022-03,5301,Houston
8903684639,4755650799,"HOUSTON, TX",2022-04,5301,Houston
9211636915,5018159883,"HOUSTON, TX",2022-05,5301,Houston
9527045587,5380308387,"HOUSTON, TX",2022-06,5301,Houston
9825763503,5304105683,"HOUSTON, TX",2022-07,5301,Houston
9525732521,5046829171,"HOUSTON, TX",2022-08,5301,Houston
9466476641,5309368395,"HOUSTON, TX",2022-09,5301,Houston
9910159376,4946361187,"HOUSTON, TX",2022-10,5301,Houston
8966781820,4490619679,"HOUSTON, TX",2022-11,5301,Houston
8389922970,4041866998,"HOUSTON, TX",2022-12,5301,Houston
9617106151,4924302623,"HOUSTON, TX",2023-01,5301,Houston
7994686297,4395370328,"HOUSTON, TX",2023-02,5301,Houston
9143309183,5140007471,"HOUSTON, TX",2023-03,5301,Houston
9108994089,4683957990,"HOUSTON, TX",2023-04,5301,Houston
8512034190,4495322887,"HOUSTON, TX",2023-05,5301,Houston
8560755312,5090187742,"HOUSTON, TX",2023-06,5301,Houston
8844064929,4741362730,"HOUSTON, TX",2023-07,5301,Houston
8942691922,4945651291,"HOUSTON, TX",2023-08,5301,Houston
7877919051,4242244201,"HOUSTON, TX",2023-09,5301,Houston
8837049818,4316938253,"HOUSTON, TX",2023-10,5301,Houston
6973760258,4033938261,"HOUSTON, TX",2023-11,5301,Houston
7474677644,3967649886,"HOUSTON, TX",2023-12,5301,Houston
8306108568,4293192030,"HOUSTON, TX",2024-01,5301,Houston
7669261666,4696207822,"HOUSTON, TX",2024-02,5301,Houston
7681820167,4552695043,"HOUSTON, TX",2024-03,5301,Houston
7870203805,5008261247,"HOUSTON, TX",2024-04,5301,Houston
8554358353,5405521041,"HOUSTON, TX",2024-05,5301,Houston
7572465199,5036163362,"HOUSTON, TX",2024-06,5301,Houston
7628058994,4411299865,"HOUSTON, TX",2024-07,5301,Houston
7908376213,4618415176,"HOUSTON, TX",2024-08,5301,Houston
7582211111,4244460863,"HOUSTON, TX",2024-09,5301,Houston
7175063532,4060580787,"HOUSTON, TX",2024-10,5301,Houston
7224995327,4270229138,"HOUSTON, TX",2024-11,5301,Houston
7215901254,3943234712,"HOUSTON, TX",2024-12,5301,Houston
7775327258,4607848360,"HOUSTON, TX",2025-01,5301,Houston
6031887233,3581282217,"HOUSTON, TX",2025-02,5301,Houston
7689100420,3986409676,"HOUSTON, TX",2025-03,5301,Houston
8023327700,4348621641,"HOUSTON, TX",2025-04,5301,Houston
7367057473,3731042824,"HOUSTON, TX",2025-05,5301,Houston
6405431194,3988149700,"HOUSTON, TX",2025-06,5301,Houston
7289325561,4226710235,"HOUSTON, TX",2025-07,5301,Houston
7021049721,4102898675,"HOUSTON, TX",2025-08,5301,Houston
6412847386,3774352360,"HOUSTON, TX",2025-09,5301,Houston
5715105330,2944224611,"HOUSTON, TX",2025-10,5301,Houston
5097270302,2886459572,"HOUSTON, TX",2025-11,5301,Houston
5622589861,3050280790,"HOUSTON, TX",2025-12,5301,Houston
6829937480,3541144975,"HOUSTON, TX",2026-01,5301,Houston
5485632251,3052079181,"HOUSTON, TX",2026-02,5301,Houston
6817930917,4096411367,"HOUSTON, TX",2026-03,5301,Houston
7264281101,4488593132,"HOUSTON, TX",2026-04,5301,Houston
7869111007,4208656409,"HOUSTON, TX",2026-05,5301,Houston
7017154894,3791167795,"HOUSTON, TX",2026-06,5301,Houston
7704371136,4121859989,"HOUSTON, TX",2026-07,5301,Houston
1718979210,662225990,"JACKSONVILLE, FL",2019-01,1803,Jacksonville
1643205162,649207181,"JACKSONVILLE, FL",2019-02,1803,Jacksonville
1857998852,698049740,"JACKSONVILLE, FL",2019-03,1803,Jacksonville
1693424105,702820646,"JACKSONVILLE, FL",2019-04,1803,Jacksonville
1798362705,731855556,"JACKSONVILLE, FL",2019-05,1803,Jacksonville
1830210559,611408399,"JACKSONVILLE, FL",2019-06,1803,Jacksonville
1690259024,685029658,"JACKSONVILLE, FL",2019-07,1803,Jacksonville
1773331765,685034236,"JACKSONVILLE, FL",2019-08,1803,Jacksonville
1576967191,528226139,"JACKSONVILLE, FL",2019-09,1803,Jacksonville
1576270649,556620511,"JACKSONVILLE, FL",2019-10,1803,Jacksonville
1528784174,531814212,"JACKSONVILLE, FL",2019-11,1803,Jacksonville
1594158035,532326015,"JACKSONVILLE, FL",2019-12,1803,Jacksonville
1553012111,647988764,"JACKSONVILLE, FL",2020-01,1803,Jacksonville
1403233859,449144611,"JACKSONVILLE, FL",2020-02,1803,Jacksonville
1435609234,521908639,"JACKSONVILLE, FL",2020-03,1803,Jacksonville
1115272137,453462865,"JACKSONVILLE, FL",2020-04,1803,Jacksonville
748543203,583735517,"JACKSONVILLE, FL",2020-05,1803,Jacksonville
955319733,729819630,"JACKSONVILLE, FL",2020-06,1803,Jacksonville
1263010989,459303754,"JACKSONVILLE, FL",2020-07,1803,Jacksonville
1387671849,343025594,"JACKSONVILLE, FL",2020-08,1803,Jacksonville
1516962961,608175795,"JACKSONVILLE, FL",2020-09,1803,Jacksonville
1508782188,454417978,"JACKSONVILLE, FL",2020-10,1803,Jacksonville
1637234178,557048030,"JACKSONVILLE, FL",2020-11,1803,Jacksonville
1999629239,637765200,"JACKSONVILLE, FL",2020-12,1803,Jacksonville
1549300459,479751038,"JACKSONVILLE, FL",2021-01,1803,Jacksonville
1277559484,381008254,"JACKSONVILLE, FL",2021-02,1803,Jacksonville
1569294368,690229001,"JACKSONVILLE, FL",2021-03,1803,Jacksonville
1471300456,629471310,"JACKSONVILLE, FL",2021-04,1803,Jacksonville
1589488291,625521052,"JACKSONVILLE, FL",2021-05,1803,Jacksonville
1355946168,554547809,"JACKSONVILLE, FL",2021-06,1803,Jacksonville
1374535252,559824872,"JACKSONVILLE, FL",2021-07,1803,Jacksonville
1363207114,507280636,"JACKSONVILLE, FL",2021-08,1803,Jacksonville
1087036138,599687773,"JACKSONVILLE, FL",2021-09,1803,Jacksonville
1275449781,478415359,"JACKSONVILLE, FL",2021-10,1803,Jacksonville
1319877040,513395860,"JACKSONVILLE, FL",2021-11,1803,Jacksonville
1476854748,484994876,"JACKSONVILLE, FL",2021-12,1803,Jacksonville
1837909915,609895445,"JACKSONVILLE, FL",2022-01,1803,Jacksonville
1112052134,364130248,"JACKSONVILLE, FL",2022-02,1803,Jacksonville
1624905968,771828273,"JACKSONVILLE, FL",2022-03,1803,Jacksonville
1747176425,563522656,"JACKSONVILLE, FL",2022-04,1803,Jacksonville
1366036538,504036754,"JACKSONVILLE, FL",2022-05,1803,Jacksonville
1551777246,497749468,"JACKSONVILLE, FL",2022-06,1803,Jacksonville
1714216921,682275038,"JACKSONVILLE, FL",2022-07,1803,Jacksonville
1738983581,663918192,"JACKSONVILLE, FL",2022-08,1803,Jacksonville
1691777886,353909869,"JACKSONVILLE, FL",2022-09,1803,Jacksonville
1967621927,707552831,"JACKSONVILLE, FL",2022-10,1803,Jacksonville
1370601242,456877775,"JACKSONVILLE, FL",2022-11,1803,Jacksonville
1741616340,503947223,"JACKSONVILLE, FL",2022-12,1803,Jacksonville
1646578973,651523529,"JACKSONVILLE, FL",2023-01,1803,Jacksonville
1471279382,476460273,"JACKSONVILLE, FL",2023-02,1803,Jacksonville
1716854572,584473898,"JACKSONVILLE, FL",2023-03,1803,Jacksonville
1704837326,411539526,"JACKSONVILLE, FL",2023-04,1803,Jacksonville
1427110947,614294849,"JACKSONVILLE, FL",2023-05,1803,Jacksonville
1657149759,641156570,"JACKSONVILLE, FL",2023-06,1803,Jacksonville
1852457573,564511150,"JACKSONVILLE, FL",2023-07,1803,Jacksonville
1736965882,603888923,"JACKSONVILLE, FL",2023-08,1803,Jacksonville
1752396485,558706806,"JACKSONVILLE, FL",2023-09,1803,Jacksonville
1891069295,536723101,"JACKSONVILLE, FL",2023-10,1803,Jacksonville
1657418208,419281573,"JACKSONVILLE, FL",2023-11,1803,Jacksonville
1842554240,543241253,"JACKSONVILLE, FL",2023-12,1803,Jacksonville
1670572241,419899000,"JACKSONVILLE, FL",2024-01,1803,Jacksonville
1484295786,451684165,"JACKSONVILLE, FL",2024-02,1803,Jacksonville
1440080783,479772250,"JACKSONVILLE, FL",2024-03,1803,Jacksonville
1915960669,538863050,"JACKSONVILLE, FL",2024-04,1803,Jacksonville
1948992024,618306205,"JACKSONVILLE, FL",2024-05,1803,Jacksonville
1583423108,490256777,"JACKSONVILLE, FL",2024-06,1803,Jacksonville
1801008095,522025256,"JACKSONVILLE, FL",2024-07,1803,Jacksonville
1647091115,656976666,"JACKSONVILLE, FL",2024-08,1803,Jacksonville
1595623487,486986105,"JACKSONVILLE, FL",2024-09,1803,Jacksonville
1433818721,427366417,"JACKSONVILLE, FL",2024-10,1803,Jacksonville
1822309208,401926983,"JACKSONVILLE, FL",2024-11,1803,Jacksonville
1880373281,516911572,"JACKSONVILLE, FL",2024-12,1803,Jacksonville
1746858789,592061705,"JACKSONVILLE, FL",2025-01,1803,Jacksonville
1517873288,321461170,"JACKSONVILLE, FL",2025-02,1803,Jacksonville
1873619684,571740890,"JACKSONVILLE, FL",2025-03,1803,Jacksonville
1506252431,606281252,"JACKSONVILLE, FL",2025-04,1803,Jacksonville
1936333893,687209949,"JACKSONVILLE, FL",2025-05,1803,Jacksonville
1530887280,521436724,"JACKSONVILLE, FL",2025-06,1803,Jacksonville
1521911900,608559919,"JACKSONVILLE, FL",2025-07,1803,Jacksonville
1653071566,588944167,"JACKSONVILLE, FL",2025-08,1803,Jacksonville
1112706234,609521789,"JACKSONVILLE, FL",2025-09,1803,Jacksonville
1737515102,674164429,"JACKSONVILLE, FL",2025-10,1803,Jacksonville
1411974852,501941979,"JACKSONVILLE, FL",2025-11,1803,Jacksonville
1615111778,567167138,"JACKSONVILLE, FL",2025-12,1803,Jacksonville
1352789531,414801385,"JACKSONVILLE, FL",2026-01,1803,Jacksonville
1333298587,404889863,"JACKSONVILLE, FL",2026-02,1803,Jacksonville
1536290000,395386184,"JACKSONVILLE, FL",2026-03,1803,Jacksonville
1543060683,489809755,"JACKSONVILLE, FL",2026-04,1803,Jacksonville
1523705000,581879359,"JACKSONVILLE, FL",2026-05,1803,Jacksonville
1641429165,510081967,"JACKSONVILLE, FL",2026-06,1803,Jacksonville
1553718276,655603217,"JACKSONVILLE, FL",2026-07,1803,Jacksonville
1892359361,3268659815,"NEW ORLEANS, LA",2019-01,2002,New Orleans
1134787404,1845553496,"NEW ORLEANS, LA",2019-02,2002,New Orleans
1739554114,3010552663,"NEW ORLEANS, LA",2019-03,2002,New Orleans
1899585946,2988710766,"NEW ORLEANS, LA",2019-04,2002,New Orleans
1775578389,2850017493,"NEW ORLEANS, LA",2019-05,2002,New Orleans
1478256448,2125195583,"NEW ORLEANS, LA",2019-06,2002,New Orleans
1554623138,2440995549,"NEW ORLEANS, LA",2019-07,2002,New Orleans
1603031683,2824059507,"NEW ORLEANS, LA",2019-08,2002,New Orleans
1303687654,2102949355,"NEW ORLEANS, LA",2019-09,2002,New Orleans
1347001068,2331143495,"NEW ORLEANS, LA",2019-10,2002,New Orleans
1328253870,2277827962,"NEW ORLEANS, LA",2019-11,2002,New Orleans
1225412141,2058757620,"NEW ORLEANS, LA",2019-12,2002,New Orleans
1355657011,2138263311,"NEW ORLEANS, LA",2020-01,2002,New Orleans
1120730108,2096423776,"NEW ORLEANS, LA",2020-02,2002,New Orleans
1385042469,2759073780,"NEW ORLEANS, LA",2020-03,2002,New Orleans
1298944911,2950925030,"NEW ORLEANS, LA",2020-04,2002,New Orleans
1423848762,3076873412,"NEW ORLEANS, LA",2020-05,2002,New Orleans
1065821767,1947707488,"NEW ORLEANS, LA",2020-06,2002,New Orleans
1070015283,1946316361,"NEW ORLEANS, LA",2020-07,2002,New Orleans
1111989643,2071451244,"NEW ORLEANS, LA",2020-08,2002,New Orleans
1124022452,2137618777,"NEW ORLEANS, LA",2020-09,2002,New Orleans
1151360837,2244322557,"NEW ORLEANS, LA",2020-10,2002,New Orleans
1019005503,1754011383,"NEW ORLEANS, LA",2020-11,2002,New Orleans
1281812772,1869797984,"NEW ORLEANS, LA",2020-12,2002,New Orleans
1281950981,2452265072,"NEW ORLEANS, LA",2021-01,2002,New Orleans
1369074356,2162287128,"NEW ORLEANS, LA",2021-02,2002,New Orleans
2052983968,3357675629,"NEW ORLEANS, LA",2021-03,2002,New Orleans
1794866081,3138460812,"NEW ORLEANS, LA",2021-04,2002,New Orleans
1823290943,2614795506,"NEW ORLEANS, LA",2021-05,2002,New Orleans
1951004352,2344962172,"NEW ORLEANS, LA",2021-06,2002,New Orleans
2291228386,3082697889,"NEW ORLEANS, LA",2021-07,2002,New Orleans
2315833056,2823259909,"NEW ORLEANS, LA",2021-08,2002,New Orleans
1645242159,1772609576,"NEW ORLEANS, LA",2021-09,2002,New Orleans
2512222336,2738793040,"NEW ORLEANS, LA",2021-10,2002,New Orleans
2465074368,3104833777,"NEW ORLEANS, LA",2021-11,2002,New Orleans
2554159380,2698149061,"NEW ORLEANS, LA",2021-12,2002,New Orleans
3059889388,2954982599,"NEW ORLEANS, LA",2022-01,2002,New Orleans
2229152910,2465007553,"NEW ORLEANS, LA",2022-02,2002,New Orleans
2837172966,3064625047,"NEW ORLEANS, LA",2022-03,2002,New Orleans
3228248274,2925005833,"NEW ORLEANS, LA",2022-04,2002,New Orleans
2761966606,2587809609,"NEW ORLEANS, LA",2022-05,2002,New Orleans
3067229885,2810035314,"NEW ORLEANS, LA",2022-06,2002,New Orleans
2942160504,2719016105,"NEW ORLEANS, LA",2022-07,2002,New Orleans
2633299711,2483518341,"NEW ORLEANS, LA",2022-08,2002,New Orleans
2641461295,2523075863,"NEW ORLEANS, LA",2022-09,2002,New Orleans
2559836901,2606366157,"NEW ORLEANS, LA",2022-10,2002,New Orleans
2252569917,2677714636,"NEW ORLEANS, LA",2022-11,2002,New Orleans
2207160118,2101652790,"NEW ORLEANS, LA",2022-12,2002,New Orleans
2159971008,2630954779,"NEW ORLEANS, LA",2023-01,2002,New Orleans
2181107509,2561117800,"NEW ORLEANS, LA",2023-02,2002,New Orleans
2287018772,2677710741,"NEW ORLEANS, LA",2023-03,2002,New Orleans
2722881262,2766321847,"NEW ORLEANS, LA",2023-04,2002,New Orleans
2316699245,2942343349,"NEW ORLEANS, LA",2023-05,2002,New Orleans
1968896576,2405835642,"NEW ORLEANS, LA",2023-06,2002,New Orleans
2132048201,2181305521,"NEW ORLEANS, LA",2023-07,2002,New Orleans
1958005807,2253412505,"NEW ORLEANS, LA",2023-08,2002,New Orleans
2218125801,2659314023,"NEW ORLEANS, LA",2023-09,2002,New Orleans
2360660885,2857152595,"NEW ORLEANS, LA",2023-10,2002,New Orleans
1665272907,1812254235,"NEW ORLEANS, LA",2023-11,2002,New Orleans
1736141987,2235597236,"NEW ORLEANS, LA",2023-12,2002,New Orleans
2170892324,2540270625,"NEW ORLEANS, LA",2024-01,2002,New Orleans
1804719969,2376225008,"NEW ORLEANS, LA",2024-02,2002,New Orleans
2016181878,2638096447,"NEW ORLEANS, LA",2024-03,2002,New Orleans
2133144025,2909804615,"NEW ORLEANS, LA",2024-04,2002,New Orleans
2055330130,2400592066,"NEW ORLEANS, LA",2024-05,2002,New Orleans
2168203891,2528266228,"NEW ORLEANS, LA",2024-06,2002,New Orleans
2106135092,2306415863,"NEW ORLEANS, LA",2024-07,2002,New Orleans
2614338116,2631956514,"NEW ORLEANS, LA",2024-08,2002,New Orleans
2536328165,2286931180,"NEW ORLEANS, LA",2024-09,2002,New Orleans
1900384574,2614892284,"NEW ORLEANS, LA",2024-10,2002,New Orleans
2071322764,2126067751,"NEW ORLEANS, LA",2024-11,2002,New Orleans
2078803241,1945963519,"NEW ORLEANS, LA",2024-12,2002,New Orleans
2153128626,2612473466,"NEW ORLEANS, LA",2025-01,2002,New Orleans
2175932112,2358279375,"NEW ORLEANS, LA",2025-02,2002,New Orleans
2618667351,2845334990,"NEW ORLEANS, LA",2025-03,2002,New Orleans
2641550681,2659795950,"NEW ORLEANS, LA",2025-04,2002,New Orleans
2843611141,2941487683,"NEW ORLEANS, LA",2025-05,2002,New Orleans
2428030537,1912612259,"NEW ORLEANS, LA",2025-06,2002,New Orleans
2405843106,2102442702,"NEW ORLEANS, LA",2025-07,2002,New Orleans
2156541979,2563557577,"NEW ORLEANS, LA",2025-08,2002,New Orleans
1929803226,1923408808,"NEW ORLEANS, LA",2025-09,2002,New Orleans
1755441470,2183150155,"NEW ORLEANS, LA",2025-10,2002,New Orleans
1408508619,2019142147,"NEW ORLEANS, LA",2025-11,2002,New Orleans
2605108454,2198461116,"NEW ORLEANS, LA",2025-12,2002,New Orleans
3332228510,2599234347,"NEW ORLEANS, LA",2026-01,2002,New Orleans
2722216643,2393463346,"NEW ORLEANS, LA",2026-02,2002,New Orleans
3218938682,3268689952,"NEW ORLEANS, LA",2026-03,2002,New Orleans
2770589314,2785131125,"NEW ORLEANS, LA",2026-04,2002,New Orleans
1990965484,2231931304,"NEW ORLEANS, LA",2026-05,2002,New Orleans
2609809097,2272920346,"NEW ORLEANS, LA",2026-06,2002,New Orleans
3345578888,2666351498,"NEW ORLEANS, LA",2026-07,2002,New Orleans
2539313619,580835467,"OAKLAND, CA",2019-01,2811,Oakland
2207035033,469357297,"OAKLAND, CA",2019-02,2811,Oakland
2460615742,560694882,"OAKLAND, CA",2019-03,2811,Oakland
2506913797,585295439,"OAKLAND, CA",2019-04,2811,Oakland
2561562371,617663377,"OAKLAND, CA",2019-05,2811,Oakland
2606564041,589705929,"OAKLAND, CA",2019-06,2811,Oakland
2795732885,642176353,"OAKLAND, CA",2019-07,2811,Oakland
2935856428,651626850,"OAKLAND, CA",2019-08,2811,Oakland
2698228006,575437785,"OAKLAND, CA",2019-09,2811,Oakland
2470095101,542416911,"OAKLAND, CA",2019-10,2811,Oakland
2327025347,530081117,"OAKLAND, CA",2019-11,2811,Oakland
2443824660,579713779,"OAKLAND, CA",2019-12,2811,Oakland
2605582000,632083019,"OAKLAND, CA",2020-01,2811,Oakland
1949105149,466913200,"OAKLAND, CA",2020-02,2811,Oakland
2173246332,517208297,"OAKLAND, CA",2020-03,2811,Oakland
2373327860,604141622,"OAKLAND, CA",2020-04,2811,Oakland
2247608193,585100765,"OAKLAND, CA",2020-05,2811,Oakland
2476882154,605995503,"OAKLAND, CA",2020-06,2811,Oakland
2818296642,657525888,"OAKLAND, CA",2020-07,2811,Oakland
2911289038,646081315,"OAKLAND, CA",2020-08,2811,Oakland
2714768908,614164725,"OAKLAND, CA",2020-09,2811,Oakland
2635576541,589318591,"OAKLAND, CA",2020-10,2811,Oakland
2375592842,543945463,"OAKLAND, CA",2020-11,2811,Oakland
2617905637,606702536,"OAKLAND, CA",2020-12,2811,Oakland
2441484255,584036124,"OAKLAND, CA",2021-01,2811,Oakland
2420951875,555833917,"OAKLAND, CA",2021-02,2811,Oakland
2549691044,673959490,"OAKLAND, CA",2021-03,2811,Oakland
3033498769,702965538,"OAKLAND, CA",2021-04,2811,Oakland
2547282213,712099279,"OAKLAND, CA",2021-05,2811,Oakland
2357766294,606639856,"OAKLAND, CA",2021-06,2811,Oakland
2663389783,730593740,"OAKLAND, CA",2021-07,2811,Oakland
2667559209,747931744,"OAKLAND, CA",2021-08,2811,Oakland
2116497211,489419259,"OAKLAND, CA",2021-09,2811,Oakland
1896624795,470463313,"OAKLAND, CA",2021-10,2811,Oakland
2196339762,544115215,"OAKLAND, CA",2021-11,2811,Oakland
2324177163,543203390,"OAKLAND, CA",2021-12,2811,Oakland
2604380399,551057559,"OAKLAND, CA",2022-01,2811,Oakland
2568012436,575557877,"OAKLAND, CA",2022-02,2811,Oakland
2928689661,619089220,"OAKLAND, CA",2022-03,2811,Oakland
2501317395,599922211,"OAKLAND, CA",2022-04,2811,Oakland
2835409511,708219488,"OAKLAND, CA",2022-05,2811,Oakland
2987462712,913806614,"OAKLAND, CA",2022-06,2811,Oakland
2468615490,632615733,"OAKLAND, CA",2022-07,2811,Oakland
3108632851,699717100,"OAKLAND, CA",2022-08,2811,Oakland
2615243955,597156488,"OAKLAND, CA",2022-09,2811,Oakland
2641183332,546530075,"OAKLAND, CA",2022-10,2811,Oakland
2300025476,512230559,"OAKLAND, CA",2022-11,2811,Oakland
2495684466,572428235,"OAKLAND, CA",2022-12,2811,Oakland
2360841718,485294544,"OAKLAND, CA",2023-01,2811,Oakland
2130128973,462123440,"OAKLAND, CA",2023-02,2811,Oakland
2146716693,445783600,"OAKLAND, CA",2023-03,2811,Oakland
2504962979,565504125,"OAKLAND, CA",2023-04,2811,Oakland
2727331827,560303950,"OAKLAND, CA",2023-05,2811,Oakland
2421625241,481259127,"OAKLAND, CA",2023-06,2811,Oakland
2794991655,567603751,"OAKLAND, CA",2023-07,2811,Oakland
2880256399,542617894,"OAKLAND, CA",2023-08,2811,Oakland
2693916304,527552358,"OAKLAND, CA",2023-09,2811,Oakland
2407073040,513010583,"OAKLAND, CA",2023-10,2811,Oakland
2366304358,505676058,"OAKLAND, CA",2023-11,2811,Oakland
2679063077,532118774,"OAKLAND, CA",2023-12,2811,Oakland
2503047404,512258035,"OAKLAND, CA",2024-01,2811,Oakland
2504580601,521121597,"OAKLAND, CA",2024-02,2811,Oakland
2866764107,620178192,"OAKLAND, CA",2024-03,2811,Oakland
2599273090,534474583,"OAKLAND, CA",2024-04,2811,Oakland
2623881283,565336333,"OAKLAND, CA",2024-05,2811,Oakland
2723384970,578856678,"OAKLAND, CA",2024-06,2811,Oakland
2601753570,549518359,"OAKLAND, CA",2024-07,2811,Oakland
2810658514,569403121,"OAKLAND, CA",2024-08,2811,Oakland
2836605030,559270375,"OAKLAND, CA",2024-09,2811,Oakland
2857475102,563245989,"OAKLAND, CA",2024-10,2811,Oakland
2751525590,559786447,"OAKLAND, CA",2024-11,2811,Oakland
2778637748,624763497,"OAKLAND, CA",2024-12,2811,Oakland
2715712837,548787468,"OAKLAND, CA",2025-01,2811,Oakland
2561563017,552353323,"OAKLAND, CA",2025-02,2811,Oakland
2647942131,633507993,"OAKLAND, CA",2025-03,2811,Oakland
2350669120,586196557,"OAKLAND, CA",2025-04,2811,Oakland
2236355658,553761771,"OAKLAND, CA",2025-05,2811,Oakland
2013252087,470719466,"OAKLAND, CA",2025-06,2811,Oakland
2722892096,661638206,"OAKLAND, CA",2025-07,2811,Oakland
2290531033,567145478,"OAKLAND, CA",2025-08,2811,Oakland
2199571376,558168452,"OAKLAND, CA",2025-09,2811,Oakland
2015726153,514474227,"OAKLAND, CA",2025-10,2811,Oakland
1940897419,483644385,"OAKLAND, CA",2025-11,2811,Oakland
2071599331,504309015,"OAKLAND, CA",2025-12,2811,Oakland
2413707251,575943817,"OAKLAND, CA",2026-01,2811,Oakland
1751160206,433319410,"OAKLAND, CA",2026-02,2811,Oakland
2415384508,543934565,"OAKLAND, CA",2026-03,2811,Oakland
2466284644,581003294,"OAKLAND, CA",2026-04,2811,Oakland
2428836091,524338094,"OAKLAND, CA",2026-05,2811,Oakland
2451641036,550370058,"OAKLAND, CA",2026-06,2811,Oakland
2465454818,566010779,"OAKLAND, CA",2026-07,2811,Oakland
747673780,709116732,"BOSTON, MA",2019-01,0401,Boston
721023609,691610966,"BOSTON, MA",2019-02,0401,Boston
664695419,604073916,"BOSTON, MA",2019-03,0401,Boston
708409912,532654374,"BOSTON, MA",2019-04,0401,Boston
779088248,579037873,"BOSTON, MA",2019-05,0401,Boston
814223166,648657670,"BOSTON, MA",2019-06,0401,Boston
777189273,575729727,"BOSTON, MA",2019-07,0401,Boston
843167211,696683286,"BOSTON, MA",2019-08,0401,Boston
692366960,581958901,"BOSTON, MA",2019-09,0401,Boston
937877332,893814550,"BOSTON, MA",2019-10,0401,Boston
721859109,692096500,"BOSTON, MA",2019-11,0401,Boston
846959585,797362922,"BOSTON, MA",2019-12,0401,Boston
864924442,862000008,"BOSTON, MA",2020-01,0401,Boston
664343665,653894940,"BOSTON, MA",2020-02,0401,Boston
607802647,628841085,"BOSTON, MA",2020-03,0401,Boston
535317443,399659649,"BOSTON, MA",2020-04,0401,Boston
572260610,562010433,"BOSTON, MA",2020-05,0401,Boston
454947507,514104979,"BOSTON, MA",2020-06,0401,Boston
620060358,661853429,"BOSTON, MA",2020-07,0401,Boston
587106098,556261494,"BOSTON, MA",2020-08,0401,Boston
640417876,591905450,"BOSTON, MA",2020-09,0401,Boston
641588011,541765799,"BOSTON, MA",2020-10,0401,Boston
615457087,623207983,"BOSTON, MA",2020-11,0401,Boston
757057101,867313648,"BOSTON, MA",2020-12,0401,Boston
687756466,838055184,"BOSTON, MA",2021-01,0401,Boston
540896404,796808820,"BOSTON, MA",2021-02,0401,Boston
746915141,918195733,"BOSTON, MA",2021-03,0401,Boston
619540761,582772863,"BOSTON, MA",2021-04,0401,Boston
620593734,588219264,"BOSTON, MA",2021-05,0401,Boston
732723179,720099266,"BOSTON, MA",2021-06,0401,Boston
665564403,654856910,"BOSTON, MA",2021-07,0401,Boston
612957039,539498655,"BOSTON, MA",2021-08,0401,Boston
577811191,607904754,"BOSTON, MA",2021-09,0401,Boston
547038795,493569891,"BOSTON, MA",2021-10,0401,Boston
776266018,716800867,"BOSTON, MA",2021-11,0401,Boston
673079374,733641565,"BOSTON, MA",2021-12,0401,Boston
821565203,913414143,"BOSTON, MA",2022-01,0401,Boston
715772955,756134167,"BOSTON, MA",2022-02,0401,Boston
817543363,889910979,"BOSTON, MA",2022-03,0401,Boston
722199189,561094998,"BOSTON, MA",2022-04,0401,Boston
1020588220,676396416,"BOSTON, MA",2022-05,0401,Boston
1101622503,662971248,"BOSTON, MA",2022-06,0401,Boston
903406864,574478195,"BOSTON, MA",2022-07,0401,Boston
803227869,488046109,"BOSTON, MA",2022-08,0401,Boston
778418117,612174939,"BOSTON, MA",2022-09,0401,Boston
954974171,511639607,"BOSTON, MA",2022-10,0401,Boston
952355202,645192516,"BOSTON, MA",2022-11,0401,Boston
1051490655,803836507,"BOSTON, MA",2022-12,0401,Boston
1068862915,769184628,"BOSTON, MA",2023-01,0401,Boston
828492518,680154303,"BOSTON, MA",2023-02,0401,Boston
787004312,729866987,"BOSTON, MA",2023-03,0401,Boston
887895228,621971744,"BOSTON, MA",2023-04,0401,Boston
881473699,654557985,"BOSTON, MA",2023-05,0401,Boston
813104846,542692136,"BOSTON, MA",2023-06,0401,Boston
839683781,625080972,"BOSTON, MA",2023-07,0401,Boston
949562523,691720990,"BOSTON, MA",2023-08,0401,Boston
804416040,468712166,"BOSTON, MA",2023-09,0401,Boston
1008661229,649819651,"BOSTON, MA",2023-10,0401,Boston
839096775,561253776,"BOSTON, MA",2023-11,0401,Boston
926592195,737304670,"BOSTON, MA",2023-12,0401,Boston
961280776,726216741,"BOSTON, MA",2024-01,0401,Boston
1064402659,698566971,"BOSTON, MA",2024-02,0401,Boston
904927723,736175853,"BOSTON, MA",2024-03,0401,Boston
842561779,589766945,"BOSTON, MA",2024-04,0401,Boston
877398525,664615692,"BOSTON, MA",2024-05,0401,Boston
807453785,632781725,"BOSTON, MA",2024-06,0401,Boston
807707487,551472038,"BOSTON, MA",2024-07,0401,Boston
867113911,600995721,"BOSTON, MA",2024-08,0401,Boston
752712177,537365525,"BOSTON, MA",2024-09,0401,Boston
717913808,610654973,"BOSTON, MA",2024-10,0401,Boston
820966074,539100304,"BOSTON, MA",2024-11,0401,Boston
1000595513,759127998,"BOSTON, MA",2024-12,0401,Boston
790639641,727283511,"BOSTON, MA",2025-01,0401,Boston
756269679,544949277,"BOSTON, MA",2025-02,0401,Boston
773903012,647999786,"BOSTON, MA",2025-03,0401,Boston
715602617,572135938,"BOSTON, MA",2025-04,0401,Boston
745766006,561068336,"BOSTON, MA",2025-05,0401,Boston
788675207,626607192,"BOSTON, MA",2025-06,0401,Boston
674651585,580056882,"BOSTON, MA",2025-07,0401,Boston
801272568,573607007,"BOSTON, MA",2025-08,0401,Boston
632244149,549652717,"BOSTON, MA",2025-09,0401,Boston
588422160,513294232,"BOSTON, MA",2025-10,0401,Boston
669700706,595596187,"BOSTON, MA",2025-11,0401,Boston
739826531,882698639,"BOSTON, MA",2025-12,0401,Boston
705010913,788666193,"BOSTON, MA",2026-01,0401,Boston
708040060,968625618,"BOSTON, MA",2026-02,0401,Boston
908248713,911829452,"BOSTON, MA",2026-03,0401,Boston
703763854,618146004,"BOSTON, MA",2026-04,0401,Boston
775189075,533118422,"BOSTON, MA",2026-05,0401,Boston
707697463,539866668,"BOSTON, MA",2026-06,0401,Boston
629804539,399677483,"BOSTON, MA",2026-07,0401,Boston
1028562936,95793968,"BRUNSWICK, GA",2019-01,1701,Brunswick
1130603188,110331140,"BRUNSWICK, GA",2019-02,1701,Brunswick
1151977728,94559609,"BRUNSWICK, GA",2019-03,1701,Brunswick
1083409929,100005869,"BRUNSWICK, GA",2019-04,1701,Brunswick
1251747151,129198134,"BRUNSWICK, GA",2019-05,1701,Brunswick
1066318383,100660277,"BRUNSWICK, GA",2019-06,1701,Brunswick
1091598859,90523738,"BRUNSWICK, GA",2019-07,1701,Brunswick
1035222112,84237807,"BRUNSWICK, GA",2019-08,1701,Brunswick
942474344,77737437,"BRUNSWICK, GA",2019-09,1701,Brunswick
1185592554,93547584,"BRUNSWICK, GA",2019-10,1701,Brunswick
1139358509,81871812,"BRUNSWICK, GA",2019-11,1701,Brunswick
1226388022,98859030,"BRUNSWICK, GA",2019-12,1701,Brunswick
1087234119,92975843,"BRUNSWICK, GA",2020-01,1701,Brunswick
996781776,89041666,"BRUNSWICK, GA",2020-02,1701,Brunswick
1411833829,116486267,"BRUNSWICK, GA",2020-03,1701,Brunswick
739574777,81450065,"BRUNSWICK, GA",2020-04,1701,Brunswick
309589909,60114170,"BRUNSWICK, GA",2020-05,1701,Brunswick
561943202,53102493,"BRUNSWICK, GA",2020-06,1701,Brunswick
840548479,78129215,"BRUNSWICK, GA",2020-07,1701,Brunswick
963122866,87526934,"BRUNSWICK, GA",2020-08,1701,Brunswick
1003497470,88335281,"BRUNSWICK, GA",2020-09,1701,Brunswick
1372840194,95017639,"BRUNSWICK, GA",2020-10,1701,Brunswick
928075581,67528066,"BRUNSWICK, GA",2020-11,1701,Brunswick
1436690720,104548816,"BRUNSWICK, GA",2020-12,1701,Brunswick
1110803202,75838294,"BRUNSWICK, GA",2021-01,1701,Brunswick
938833436,83603394,"BRUNSWICK, GA",2021-02,1701,Brunswick
1327643815,105168623,"BRUNSWICK, GA",2021-03,1701,Brunswick
1379164754,85457823,"BRUNSWICK, GA",2021-04,1701,Brunswick
1253158366,149019762,"BRUNSWICK, GA",2021-05,1701,Brunswick
1103049495,87455193,"BRUNSWICK, GA",2021-06,1701,Brunswick
1346491073,117176757,"BRUNSWICK, GA",2021-07,1701,Brunswick
986627302,102728850,"BRUNSWICK, GA",2021-08,1701,Brunswick
871143555,91244644,"BRUNSWICK, GA",2021-09,1701,Brunswick
973008460,62756294,"BRUNSWICK, GA",2021-10,1701,Brunswick
1042308161,86118794,"BRUNSWICK, GA",2021-11,1701,Brunswick
1223895188,85167145,"BRUNSWICK, GA",2021-12,1701,Brunswick
1391976141,119112932,"BRUNSWICK, GA",2022-01,1701,Brunswick
934933467,96257752,"BRUNSWICK, GA",2022-02,1701,Brunswick
1272044281,102409984,"BRUNSWICK, GA",2022-03,1701,Brunswick
1176983935,106999098,"BRUNSWICK, GA",2022-04,1701,Brunswick
1511606663,121545430,"BRUNSWICK, GA",2022-05,1701,Brunswick
1079009029,78045077,"BRUNSWICK, GA",2022-06,1701,Brunswick
1323816494,114223649,"BRUNSWICK, GA",2022-07,1701,Brunswick
1427406978,111757656,"BRUNSWICK, GA",2022-08,1701,Brunswick
1066951367,88733919,"BRUNSWICK, GA",2022-09,1701,Brunswick
1895474821,133701464,"BRUNSWICK, GA",2022-10,1701,Brunswick
1704792125,170782254,"BRUNSWICK, GA",2022-11,1701,Brunswick
1827442060,135655488,"BRUNSWICK, GA",2022-12,1701,Brunswick
1525987800,108365138,"BRUNSWICK, GA",2023-01,1701,Brunswick
1436353773,103401690,"BRUNSWICK, GA",2023-02,1701,Brunswick
1777686612,143516202,"BRUNSWICK, GA",2023-03,1701,Brunswick
1488514644,107948046,"BRUNSWICK, GA",2023-04,1701,Brunswick
1729425904,130163627,"BRUNSWICK, GA",2023-05,1701,Brunswick
1682865025,121012921,"BRUNSWICK, GA",2023-06,1701,Brunswick
1540137858,115707856,"BRUNSWICK, GA",2023-07,1701,Brunswick
1580991186,129261077,"BRUNSWICK, GA",2023-08,1701,Brunswick
1824986874,143032499,"BRUNSWICK, GA",2023-09,1701,Brunswick
1559476546,157763078,"BRUNSWICK, GA",2023-10,1701,Brunswick
1807423820,149906462,"BRUNSWICK, GA",2023-11,1701,Brunswick
2288349305,156887417,"BRUNSWICK, GA",2023-12,1701,Brunswick
2004725316,185445309,"BRUNSWICK, GA",2024-01,1701,Brunswick
2012751026,154599875,"BRUNSWICK, GA",2024-02,1701,Brunswick
1815336240,204804263,"BRUNSWICK, GA",2024-03,1701,Brunswick
2527202004,194220980,"BRUNSWICK, GA",2024-04,1701,Brunswick
2292344546,240357251,"BRUNSWICK, GA",2024-05,1701,Brunswick
2058637799,156137004,"BRUNSWICK, GA",2024-06,1701,Brunswick
2246662462,216324260,"BRUNSWICK, GA",2024-07,1701,Brunswick
2221330609,220647434,"BRUNSWICK, GA",2024-08,1701,Brunswick
2030736463,164434540,"BRUNSWICK, GA",2024-09,1701,Brunswick
2265026163,187035534,"BRUNSWICK, GA",2024-10,1701,Brunswick
2282230689,195347032,"BRUNSWICK, GA",2024-11,1701,Brunswick
2337715391,187076967,"BRUNSWICK, GA",2024-12,1701,Brunswick
1955293181,214887956,"BRUNSWICK, GA",2025-01,1701,Brunswick
1890174729,185821851,"BRUNSWICK, GA",2025-02,1701,Brunswick
2683591716,204472301,"BRUNSWICK, GA",2025-03,1701,Brunswick
1632829389,126103243,"BRUNSWICK, GA",2025-04,1701,Brunswick
1783175308,183378216,"BRUNSWICK, GA",2025-05,1701,Brunswick
1571738679,188465474,"BRUNSWICK, GA",2025-06,1701,Brunswick
1757550539,150388394,"BRUNSWICK, GA",2025-07,1701,Brunswick
1515491930,161698855,"BRUNSWICK, GA",2025-08,1701,Brunswick
1432653441,125915200,"BRUNSWICK, GA",2025-09,1701,Brunswick
1561181140,190662888,"BRUNSWICK, GA",2025-10,1701,Brunswick
1901809901,169935499,"BRUNSWICK, GA",2025-11,1701,Brunswick
2029006717,183919863,"BRUNSWICK, GA",2025-12,1701,Brunswick
1424411703,137333917,"BRUNSWICK, GA",2026-01,1701,Brunswick
1506723289,126248993,"BRUNSWICK, GA",2026-02,1701,Brunswick
1986969415,175292925,"BRUNSWICK, GA",2026-03,1701,Brunswick
1631484218,148735007,"BRUNSWICK, GA",2026-04,1701,Brunswick
1768610448,170388840,"BRUNSWICK, GA",2026-05,1701,Brunswick
1522917453,139166907,"BRUNSWICK, GA",2026-06,1701,Brunswick
1867976879,171411115,"BRUNSWICK, GA",2026-07,1701,Brunswick
150980589,466334314,"TAMPA, FL",2019-01,1801,Tampa
164642583,565606209,"TAMPA, FL",2019-02,1801,Tampa
199626391,627029003,"TAMPA, FL",2019-03,1801,Tampa
137802774,560481595,"TAMPA, FL",2019-04,1801,Tampa
174502736,751987374,"TAMPA, FL",2019-05,1801,Tampa
161151128,569932688,"TAMPA, FL",2019-06,1801,Tampa
189906453,644560100,"TAMPA, FL",2019-07,1801,Tampa
144721519,575494216,"TAMPA, FL",2019-08,1801,Tampa
140161650,315182135,"TAMPA, FL",2019-09,1801,Tampa
174715393,735193279,"TAMPA, FL",2019-10,1801,Tampa
141018942,425326057,"TAMPA, FL",2019-11,1801,Tampa
154656409,540111234,"TAMPA, FL",2019-12,1801,Tampa
136148061,483595802,"TAMPA, FL",2020-01,1801,Tampa
142205043,599658382,"TAMPA, FL",2020-02,1801,Tampa
119046441,582151252,"TAMPA, FL",2020-03,1801,Tampa
133656796,701019640,"TAMPA, FL",2020-04,1801,Tampa
175385632,624407206,"TAMPA, FL",2020-05,1801,Tampa
145858100,642469198,"TAMPA, FL",2020-06,1801,Tampa
139113899,447593376,"TAMPA, FL",2020-07,1801,Tampa
170031806,664725501,"TAMPA, FL",2020-08,1801,Tampa
189569067,586603609,"TAMPA, FL",2020-09,1801,Tampa
189016977,572800910,"TAMPA, FL",2020-10,1801,Tampa
157597280,568414281,"TAMPA, FL",2020-11,1801,Tampa
186661815,700905262,"TAMPA, FL",2020-12,1801,Tampa
165262198,552829093,"TAMPA, FL",2021-01,1801,Tampa
147551549,554738392,"TAMPA, FL",2021-02,1801,Tampa
180586953,762053983,"TAMPA, FL",2021-03,1801,Tampa
172666347,719301470,"TAMPA, FL",2021-04,1801,Tampa
203134047,595908234,"TAMPA, FL",2021-05,1801,Tampa
205821554,664079118,"TAMPA, FL",2021-06,1801,Tampa
257952799,751504675,"TAMPA, FL",2021-07,1801,Tampa
212923840,605314284,"TAMPA, FL",2021-08,1801,Tampa
192493086,655265085,"TAMPA, FL",2021-09,1801,Tampa
226761133,623470107,"TAMPA, FL",2021-10,1801,Tampa
350155699,583358673,"TAMPA, FL",2021-11,1801,Tampa
333204953,643524945,"TAMPA, FL",2021-12,1801,Tampa
308243531,798023618,"TAMPA, FL",2022-01,1801,Tampa
256479495,615439265,"TAMPA, FL",2022-02,1801,Tampa
324048289,613039286,"TAMPA, FL",2022-03,1801,Tampa
308925219,463388139,"TAMPA, FL",2022-04,1801,Tampa
347434019,671897040,"TAMPA, FL",2022-05,1801,Tampa
224995920,552127038,"TAMPA, FL",2022-06,1801,Tampa
359297856,441747723,"TAMPA, FL",2022-07,1801,Tampa
358854491,714996430,"TAMPA, FL",2022-08,1801,Tampa
338425451,447743995,"TAMPA, FL",2022-09,1801,Tampa
383098779,704990499,"TAMPA, FL",2022-10,1801,Tampa
309823880,432225183,"TAMPA, FL",2022-11,1801,Tampa
411847800,557758551,"TAMPA, FL",2022-12,1801,Tampa
423859148,738972089,"TAMPA, FL",2023-01,1801,Tampa
488446177,653679782,"TAMPA, FL",2023-02,1801,Tampa
351186318,700154190,"TAMPA, FL",2023-03,1801,Tampa
408543834,742329842,"TAMPA, FL",2023-04,1801,Tampa
349162431,593246597,"TAMPA, FL",2023-05,1801,Tampa
506219757,876152190,"TAMPA, FL",2023-06,1801,Tampa
452888024,704890828,"TAMPA, FL",2023-07,1801,Tampa
397016332,764779228,"TAMPA, FL",2023-08,1801,Tampa
401374392,723347838,"TAMPA, FL",2023-09,1801,Tampa
459492032,777898117,"TAMPA, FL",2023-10,1801,Tampa
302942003,504068511,"TAMPA, FL",2023-11,1801,Tampa
379080568,599346198,"TAMPA, FL",2023-12,1801,Tampa
578931408,784284588,"TAMPA, FL",2024-01,1801,Tampa
322335025,578827203,"TAMPA, FL",2024-02,1801,Tampa
442170565,819594692,"TAMPA, FL",2024-03,1801,Tampa
420143283,626499855,"TAMPA, FL",2024-04,1801,Tampa
356958997,715815743,"TAMPA, FL",2024-05,1801,Tampa
445836961,911544789,"TAMPA, FL",2024-06,1801,Tampa
321767200,529149003,"TAMPA, FL",2024-07,1801,Tampa
360179246,791808892,"TAMPA, FL",2024-08,1801,Tampa
503333052,708677073,"TAMPA, FL",2024-09,1801,Tampa
432296739,644519766,"TAMPA, FL",2024-10,1801,Tampa
354620954,484617221,"TAMPA, FL",2024-11,1801,Tampa
353129246,478695048,"TAMPA, FL",2024-12,1801,Tampa
366119834,527753330,"TAMPA, FL",2025-01,1801,Tampa
357941139,540830281,"TAMPA, FL",2025-02,1801,Tampa
411705258,551134899,"TAMPA, FL",2025-03,1801,Tampa
295890488,675887974,"TAMPA, FL",2025-04,1801,Tampa
400780035,571203132,"TAMPA, FL",2025-05,1801,Tampa
330399025,754736531,"TAMPA, FL",2025-06,1801,Tampa
361281978,585628462,"TAMPA, FL",2025-07,1801,Tampa
345485902,624083937,"TAMPA, FL",2025-08,1801,Tampa
330341867,794578402,"TAMPA, FL",2025-09,1801,Tampa
482504990,717803748,"TAMPA, FL",2025-10,1801,Tampa
337504593,641111443,"TAMPA, FL",2025-11,1801,Tampa
519406394,732715367,"TAMPA, FL",2025-12,1801,Tampa
411958045,725961193,"TAMPA, FL",2026-01,1801,Tampa
359982047,353602813,"TAMPA, FL",2026-02,1801,Tampa
486913993,547512776,"TAMPA, FL",2026-03,1801,Tampa
454527607,397556551,"TAMPA, FL",2026-04,1801,Tampa
386170419,660838085,"TAMPA, FL",2026-05,1801,Tampa
401304680,828616554,"TAMPA, FL",2026-06,1801,Tampa
416831151,678098480,"TAMPA, FL",2026-07,1801,Tampa
102683513,225253007,"PORT CANAVERAL, FL",2019-01,1816,Port Canaveral
117216010,194916950,"PORT CANAVERAL, FL",2019-02,1816,Port Canaveral
144048364,282925585,"PORT CANAVERAL, FL",2019-03,1816,Port Canaveral
175588768,394909393,"PORT CANAVERAL, FL",2019-04,1816,Port Canaveral
173650871,367815181,"PORT CANAVERAL, FL",2019-05,1816,Port Canaveral
121418106,313387040,"PORT CANAVERAL, FL",2019-06,1816,Port Canaveral
116920542,376980084,"PORT CANAVERAL, FL",2019-07,1816,Port Canaveral
113734001,250944781,"PORT CANAVERAL, FL",2019-08,1816,Port Canaveral
102641785,294038360,"PORT CANAVERAL, FL",2019-09,1816,Port Canaveral
64733515,207162546,"PORT CANAVERAL, FL",2019-10,1816,Port Canaveral
65400950,199206453,"PORT CANAVERAL, FL",2019-11,1816,Port Canaveral
85378834,216329066,"PORT CANAVERAL, FL",2019-12,1816,Port Canaveral
156172713,360862276,"PORT CANAVERAL, FL",2020-01,1816,Port Canaveral
96952029,265633272,"PORT CANAVERAL, FL",2020-02,1816,Port Canaveral
78953284,209833015,"PORT CANAVERAL, FL",2020-03,1816,Port Canaveral
51383957,280872142,"PORT CANAVERAL, FL",2020-04,1816,Port Canaveral
49297658,141051857,"PORT CANAVERAL, FL",2020-05,1816,Port Canaveral
59786496,285070943,"PORT CANAVERAL, FL",2020-06,1816,Port Canaveral
43680533,159516127,"PORT CANAVERAL, FL",2020-07,1816,Port Canaveral
19567954,120654817,"PORT CANAVERAL, FL",2020-08,1816,Port Canaveral
43067399,141449439,"PORT CANAVERAL, FL",2020-09,1816,Port Canaveral
61033277,248857880,"PORT CANAVERAL, FL",2020-10,1816,Port Canaveral
35234921,113100484,"PORT CANAVERAL, FL",2020-11,1816,Port Canaveral
64661319,207280722,"PORT CANAVERAL, FL",2020-12,1816,Port Canaveral
69391380,196127456,"PORT CANAVERAL, FL",2021-01,1816,Port Canaveral
47746819,185133406,"PORT CANAVERAL, FL",2021-02,1816,Port Canaveral
115856617,281240526,"PORT CANAVERAL, FL",2021-03,1816,Port Canaveral
127748275,296323803,"PORT CANAVERAL, FL",2021-04,1816,Port Canaveral
143435619,366281630,"PORT CANAVERAL, FL",2021-05,1816,Port Canaveral
81796529,261131463,"PORT CANAVERAL, FL",2021-06,1816,Port Canaveral
180975863,280821648,"PORT CANAVERAL, FL",2021-07,1816,Port Canaveral
136204973,303603333,"PORT CANAVERAL, FL",2021-08,1816,Port Canaveral
70900552,152938232,"PORT CANAVERAL, FL",2021-09,1816,Port Canaveral
95060316,179158293,"PORT CANAVERAL, FL",2021-10,1816,Port Canaveral
141665386,307817398,"PORT CANAVERAL, FL",2021-11,1816,Port Canaveral
157494155,297862674,"PORT CANAVERAL, FL",2021-12,1816,Port Canaveral
128214648,273038198,"PORT CANAVERAL, FL",2022-01,1816,Port Canaveral
139107680,326947300,"PORT CANAVERAL, FL",2022-02,1816,Port Canaveral
134540686,234979771,"PORT CANAVERAL, FL",2022-03,1816,Port Canaveral
239785762,401826860,"PORT CANAVERAL, FL",2022-04,1816,Port Canaveral
258993313,364741792,"PORT CANAVERAL, FL",2022-05,1816,Port Canaveral
101512819,235299910,"PORT CANAVERAL, FL",2022-06,1816,Port Canaveral
187136693,475364398,"PORT CANAVERAL, FL",2022-07,1816,Port Canaveral
178870591,364184577,"PORT CANAVERAL, FL",2022-08,1816,Port Canaveral
95413078,318561862,"PORT CANAVERAL, FL",2022-09,1816,Port Canaveral
119237733,312250978,"PORT CANAVERAL, FL",2022-10,1816,Port Canaveral
175007464,527853490,"PORT CANAVERAL, FL",2022-11,1816,Port Canaveral
152547218,361006128,"PORT CANAVERAL, FL",2022-12,1816,Port Canaveral
226333464,396963915,"PORT CANAVERAL, FL",2023-01,1816,Port Canaveral
216761266,382638502,"PORT CANAVERAL, FL",2023-02,1816,Port Canaveral
167508714,371410931,"PORT CANAVERAL, FL",2023-03,1816,Port Canaveral
194445779,246789002,"PORT CANAVERAL, FL",2023-04,1816,Port Canaveral
181159818,401868045,"PORT CANAVERAL, FL",2023-05,1816,Port Canaveral
146196330,352159818,"PORT CANAVERAL, FL",2023-06,1816,Port Canaveral
101402874,247755998,"PORT CANAVERAL, FL",2023-07,1816,Port Canaveral
168219513,436265629,"PORT CANAVERAL, FL",2023-08,1816,Port Canaveral
191211948,468639557,"PORT CANAVERAL, FL",2023-09,1816,Port Canaveral
94146023,234511130,"PORT CANAVERAL, FL",2023-10,1816,Port Canaveral
119981818,455351573,"PORT CANAVERAL, FL",2023-11,1816,Port Canaveral
141797518,203206052,"PORT CANAVERAL, FL",2023-12,1816,Port Canaveral
226801222,502557527,"PORT CANAVERAL, FL",2024-01,1816,Port Canaveral
92144872,187010423,"PORT CANAVERAL, FL",2024-02,1816,Port Canaveral
121299019,318087394,"PORT CANAVERAL, FL",2024-03,1816,Port Canaveral
109545221,302167854,"PORT CANAVERAL, FL",2024-04,1816,Port Canaveral
72198259,276824860,"PORT CANAVERAL, FL",2024-05,1816,Port Canaveral
101616662,283280893,"PORT CANAVERAL, FL",2024-06,1816,Port Canaveral
48618705,177954862,"PORT CANAVERAL, FL",2024-07,1816,Port Canaveral
87645994,217179415,"PORT CANAVERAL, FL",2024-08,1816,Port Canaveral
360441419,231260174,"PORT CANAVERAL, FL",2024-09,1816,Port Canaveral
51567087,277289912,"PORT CANAVERAL, FL",2024-10,1816,Port Canaveral
83478898,245655871,"PORT CANAVERAL, FL",2024-11,1816,Port Canaveral
106334479,180126840,"PORT CANAVERAL, FL",2024-12,1816,Port Canaveral
76062539,243910132,"PORT CANAVERAL, FL",2025-01,1816,Port Canaveral
49699762,151726927,"PORT CANAVERAL, FL",2025-02,1816,Port Canaveral
105591334,252019702,"PORT CANAVERAL, FL",2025-03,1816,Port Canaveral
54968615,170138366,"PORT CANAVERAL, FL",2025-04,1816,Port Canaveral
119481844,225931479,"PORT CANAVERAL, FL",2025-05,1816,Port Canaveral
77494434,187025047,"PORT CANAVERAL, FL",2025-06,1816,Port Canaveral
46051299,244150194,"PORT CANAVERAL, FL",2025-07,1816,Port Canaveral
58657218,133176098,"PORT CANAVERAL, FL",2025-08,1816,Port Canaveral
32782496,275408759,"PORT CANAVERAL, FL",2025-09,1816,Port Canaveral
39781678,203811714,"PORT CANAVERAL, FL",2025-10,1816,Port Canaveral
67279629,221560417,"PORT CANAVERAL, FL",2025-11,1816,Port Canaveral
58765145,269648448,"PORT CANAVERAL, FL",2025-12,1816,Port Canaveral
60047897,113389259,"PORT CANAVERAL, FL",2026-01,1816,Port Canaveral
30958467,203662411,"PORT CANAVERAL, FL",2026-02,1816,Port Canaveral
50683117,85135133,"PORT CANAVERAL, FL",2026-03,1816,Port Canaveral
100451698,200108068,"PORT CANAVERAL, FL",2026-04,1816,Port Canaveral
29187893,198349766,"PORT CANAVERAL, FL",2026-05,1816,Port Canaveral
27023826,167378514,"PORT CANAVERAL, FL",2026-06,1816,Port Canaveral
27154543,161038526,"PORT CANAVERAL, FL",2026-07,1816,Port Canaveral
906156475,654102549,"PORT EVERGLADES, FL",2019-01,5203,Port Everglades
898316710,508746271,"PORT EVERGLADES, FL",2019-02,5203,Port Everglades
1017986893,782190467,"PORT EVERGLADES, FL",2019-03,5203,Port Everglades
925900856,624228597,"PORT EVERGLADES, FL",2019-04,5203,Port Everglades
875434479,480791874,"PORT EVERGLADES, FL",2019-05,5203,Port Everglades
748897697,394355018,"PORT EVERGLADES, FL",2019-06,5203,Port Everglades
913968401,562029181,"PORT EVERGLADES, FL",2019-07,5203,Port Everglades
726299780,394297332,"PORT EVERGLADES, FL",2019-08,5203,Port Everglades
869491778,494480417,"PORT EVERGLADES, FL",2019-09,5203,Port Everglades
858617146,541706482,"PORT EVERGLADES, FL",2019-10,5203,Port Everglades
794721082,426769828,"PORT EVERGLADES, FL",2019-11,5203,Port Everglades
906975483,431543870,"PORT EVERGLADES, FL",2019-12,5203,Port Everglades
871083908,640550155,"PORT EVERGLADES, FL",2020-01,5203,Port Everglades
801855874,524597840,"PORT EVERGLADES, FL",2020-02,5203,Port Everglades
970596709,672245089,"PORT EVERGLADES, FL",2020-03,5203,Port Everglades
539545069,432512254,"PORT EVERGLADES, FL",2020-04,5203,Port Everglades
448775319,343931166,"PORT EVERGLADES, FL",2020-05,5203,Port Everglades
590329330,305135330,"PORT EVERGLADES, FL",2020-06,5203,Port Everglades
735318335,321364681,"PORT EVERGLADES, FL",2020-07,5203,Port Everglades
743905358,389924787,"PORT EVERGLADES, FL",2020-08,5203,Port Everglades
881267330,481279796,"PORT EVERGLADES, FL",2020-09,5203,Port Everglades
915470761,387907109,"PORT EVERGLADES, FL",2020-10,5203,Port Everglades
791819292,350258838,"PORT EVERGLADES, FL",2020-11,5203,Port Everglades
794615209,428339259,"PORT EVERGLADES, FL",2020-12,5203,Port Everglades
679094866,441667553,"PORT EVERGLADES, FL",2021-01,5203,Port Everglades
843084672,482737374,"PORT EVERGLADES, FL",2021-02,5203,Port Everglades
1035760183,649377441,"PORT EVERGLADES, FL",2021-03,5203,Port Everglades
978906523,603448855,"PORT EVERGLADES, FL",2021-04,5203,Port Everglades
953871542,642486598,"PORT EVERGLADES, FL",2021-05,5203,Port Everglades
1155320782,553830703,"PORT EVERGLADES, FL",2021-06,5203,Port Everglades
1003256665,514482377,"PORT EVERGLADES, FL",2021-07,5203,Port Everglades
1088341664,409408007,"PORT EVERGLADES, FL",2021-08,5203,Port Everglades
1014053132,441271933,"PORT EVERGLADES, FL",2021-09,5203,Port Everglades
1276818573,423177204,"PORT EVERGLADES, FL",2021-10,5203,Port Everglades
1173264671,685301152,"PORT EVERGLADES, FL",2021-11,5203,Port Everglades
1128053697,492952226,"PORT EVERGLADES, FL",2021-12,5203,Port Everglades
1116162643,505480351,"PORT EVERGLADES, FL",2022-01,5203,Port Everglades
943801557,518837937,"PORT EVERGLADES, FL",2022-02,5203,Port Everglades
1254008485,627147689,"PORT EVERGLADES, FL",2022-03,5203,Port Everglades
1237601153,602636638,"PORT EVERGLADES, FL",2022-04,5203,Port Everglades
1305939467,550463310,"PORT EVERGLADES, FL",2022-05,5203,Port Everglades
1304865028,601035569,"PORT EVERGLADES, FL",2022-06,5203,Port Everglades
1157952900,515385742,"PORT EVERGLADES, FL",2022-07,5203,Port Everglades
1228246457,451508017,"PORT EVERGLADES, FL",2022-08,5203,Port Everglades
1144103124,431384223,"PORT EVERGLADES, FL",2022-09,5203,Port Everglades
1236377338,449191943,"PORT EVERGLADES, FL",2022-10,5203,Port Everglades
1071228466,539798357,"PORT EVERGLADES, FL",2022-11,5203,Port Everglades
1218601295,437606377,"PORT EVERGLADES, FL",2022-12,5203,Port Everglades
1157745859,591781070,"PORT EVERGLADES, FL",2023-01,5203,Port Everglades
1046523446,392588311,"PORT EVERGLADES, FL",2023-02,5203,Port Everglades
1102867992,564301659,"PORT EVERGLADES, FL",2023-03,5203,Port Everglades
978211986,556744540,"PORT EVERGLADES, FL",2023-04,5203,Port Everglades
1152205409,625861751,"PORT EVERGLADES, FL",2023-05,5203,Port Everglades
1001581538,466362358,"PORT EVERGLADES, FL",2023-06,5203,Port Everglades
1002742763,491328490,"PORT EVERGLADES, FL",2023-07,5203,Port Everglades
1016550558,421504461,"PORT EVERGLADES, FL",2023-08,5203,Port Everglades
1012673554,450205095,"PORT EVERGLADES, FL",2023-09,5203,Port Everglades
1161631281,510550239,"PORT EVERGLADES, FL",2023-10,5203,Port Everglades
1012882847,396351517,"PORT EVERGLADES, FL",2023-11,5203,Port Everglades
1134045791,421133665,"PORT EVERGLADES, FL",2023-12,5203,Port Everglades
1174486814,634640926,"PORT EVERGLADES, FL",2024-01,5203,Port Everglades
1118130655,557693146,"PORT EVERGLADES, FL",2024-02,5203,Port Everglades
1029934006,440357859,"PORT EVERGLADES, FL",2024-03,5203,Port Everglades
1155725706,628975784,"PORT EVERGLADES, FL",2024-04,5203,Port Everglades
1034741908,443168098,"PORT EVERGLADES, FL",2024-05,5203,Port Everglades
1033618952,368065664,"PORT EVERGLADES, FL",2024-06,5203,Port Everglades
1108744032,579694216,"PORT EVERGLADES, FL",2024-07,5203,Port Everglades
1035682234,406262179,"PORT EVERGLADES, FL",2024-08,5203,Port Everglades
1123729587,381104645,"PORT EVERGLADES, FL",2024-09,5203,Port Everglades
1258737975,371968787,"PORT EVERGLADES, FL",2024-10,5203,Port Everglades
1096040301,456767261,"PORT EVERGLADES, FL",2024-11,5203,Port Everglades
1112004081,383447461,"PORT EVERGLADES, FL",2024-12,5203,Port Everglades
1063346843,596236993,"PORT EVERGLADES, FL",2025-01,5203,Port Everglades
1044137435,460397597,"PORT EVERGLADES, FL",2025-02,5203,Port Everglades
1268917237,507399903,"PORT EVERGLADES, FL",2025-03,5203,Port Everglades
1219653530,552200575,"PORT EVERGLADES, FL",2025-04,5203,Port Everglades
1018992775,483928873,"PORT EVERGLADES, FL",2025-05,5203,Port Everglades
1038111234,420225470,"PORT EVERGLADES, FL",2025-06,5203,Port Everglades
971979023,383237533,"PORT EVERGLADES, FL",2025-07,5203,Port Everglades
887692761,401416840,"PORT EVERGLADES, FL",2025-08,5203,Port Everglades
889873963,412128108,"PORT EVERGLADES, FL",2025-09,5203,Port Everglades
841210248,508591835,"PORT EVERGLADES, FL",2025-10,5203,Port Everglades
845495103,431401420,"PORT EVERGLADES, FL",2025-11,5203,Port Everglades
1205039319,597258527,"PORT EVERGLADES, FL",2025-12,5203,Port Everglades
879823308,394699548,"PORT EVERGLADES, FL",2026-01,5203,Port Everglades
836810573,513145443,"PORT EVERGLADES, FL",2026-02,5203,Port Everglades
871236274,488932812,"PORT EVERGLADES, FL",2026-03,5203,Port Everglades
807514130,403343092,"PORT EVERGLADES, FL",2026-04,5203,Port Everglades
831489034,330514233,"PORT EVERGLADES, FL",2026-05,5203,Port Everglades
868935493,419985380,"PORT EVERGLADES, FL",2026-06,5203,Port Everglades
807332929,443551672,"PORT EVERGLADES, FL",2026-07,5203,Port Everglades
537217231,1594233930,"CORPUS CHRISTI, TX",2019-01,5312,Corpus Christi
426324557,1211364613,"CORPUS CHRISTI, TX",2019-02,5312,Corpus Christi
397964884,1081452543,"CORPUS CHRISTI, TX",2019-03,5312,Corpus Christi
443710503,1116543758,"CORPUS CHRISTI, TX",2019-04,5312,Corpus Christi
435244854,1316589224,"CORPUS CHRISTI, TX",2019-05,5312,Corpus Christi
511364879,1291539175,"CORPUS CHRISTI, TX",2019-06,5312,Corpus Christi
611848544,1775852696,"CORPUS CHRISTI, TX",2019-07,5312,Corpus Christi
536493974,1404154299,"CORPUS CHRISTI, TX",2019-08,5312,Corpus Christi
497817272,1274840930,"CORPUS CHRISTI, TX",2019-09,5312,Corpus Christi
501921274,1307413006,"CORPUS CHRISTI, TX",2019-10,5312,Corpus Christi
397283278,1080423177,"CORPUS CHRISTI, TX",2019-11,5312,Corpus Christi
450678661,1345895679,"CORPUS CHRISTI, TX",2019-12,5312,Corpus Christi
510419278,1301840701,"CORPUS CHRISTI, TX",2020-01,5312,Corpus Christi
454455396,1436666075,"CORPUS CHRISTI, TX",2020-02,5312,Corpus Christi
363798668,1213067308,"CORPUS CHRISTI, TX",2020-03,5312,Corpus Christi
182057382,1095366588,"CORPUS CHRISTI, TX",2020-04,5312,Corpus Christi
262101537,1389793491,"CORPUS CHRISTI, TX",2020-05,5312,Corpus Christi
213260118,1012433909,"CORPUS CHRISTI, TX",2020-06,5312,Corpus Christi
371718053,1434628768,"CORPUS CHRISTI, TX",2020-07,5312,Corpus Christi
351026187,1240994153,"CORPUS CHRISTI, TX",2020-08,5312,Corpus Christi
283824241,1121864853,"CORPUS CHRISTI, TX",2020-09,5312,Corpus Christi
285821798,934574792,"CORPUS CHRISTI, TX",2020-10,5312,Corpus Christi
303103739,1022965077,"CORPUS CHRISTI, TX",2020-11,5312,Corpus Christi
374757841,1285609176,"CORPUS CHRISTI, TX",2020-12,5312,Corpus Christi
331160256,1085612790,"CORPUS CHRISTI, TX",2021-01,5312,Corpus Christi
220676480,611224411,"CORPUS CHRISTI, TX",2021-02,5312,Corpus Christi
376018667,997340002,"CORPUS CHRISTI, TX",2021-03,5312,Corpus Christi
603452197,1063999967,"CORPUS CHRISTI, TX",2021-04,5312,Corpus Christi
425746857,929858645,"CORPUS CHRISTI, TX",2021-05,5312,Corpus Christi
435893627,1173680840,"CORPUS CHRISTI, TX",2021-06,5312,Corpus Christi
512459319,1203061970,"CORPUS CHRISTI, TX",2021-07,5312,Corpus Christi
590827115,1117089495,"CORPUS CHRISTI, TX",2021-08,5312,Corpus Christi
637125904,1172454365,"CORPUS CHRISTI, TX",2021-09,5312,Corpus Christi
440397890,1079674911,"CORPUS CHRISTI, TX",2021-10,5312,Corpus Christi
399206937,881398614,"CORPUS CHRISTI, TX",2021-11,5312,Corpus Christi
272981135,763579779,"CORPUS CHRISTI, TX",2021-12,5312,Corpus Christi
437746169,1126145542,"CORPUS CHRISTI, TX",2022-01,5312,Corpus Christi
429089418,977975990,"CORPUS CHRISTI, TX",2022-02,5312,Corpus Christi
835553736,907764865,"CORPUS CHRISTI, TX",2022-03,5312,Corpus Christi
876735155,1437449127,"CORPUS CHRISTI, TX",2022-04,5312,Corpus Christi
689944866,1122170280,"CORPUS CHRISTI, TX",2022-05,5312,Corpus Christi
758323846,1230846435,"CORPUS CHRISTI, TX",2022-06,5312,Corpus Christi
920851897,1511413676,"CORPUS CHRISTI, TX",2022-07,5312,Corpus Christi
629810087,1212963515,"CORPUS CHRISTI, TX",2022-08,5312,Corpus Christi
817578199,1600796779,"CORPUS CHRISTI, TX",2022-09,5312,Corpus Christi
733312282,895525737,"CORPUS CHRISTI, TX",2022-10,5312,Corpus Christi
483151854,959889825,"CORPUS CHRISTI, TX",2022-11,5312,Corpus Christi
449293256,981379448,"CORPUS CHRISTI, TX",2022-12,5312,Corpus Christi
432898311,1268042961,"CORPUS CHRISTI, TX",2023-01,5312,Corpus Christi
372967829,1023309602,"CORPUS CHRISTI, TX",2023-02,5312,Corpus Christi
463871923,1222506591,"CORPUS CHRISTI, TX",2023-03,5312,Corpus Christi
364489731,927298125,"CORPUS CHRISTI, TX",2023-04,5312,Corpus Christi
330973796,865360233,"CORPUS CHRISTI, TX",2023-05,5312,Corpus Christi
379582025,1109313896,"CORPUS CHRISTI, TX",2023-06,5312,Corpus Christi
379448421,1068270595,"CORPUS CHRISTI, TX",2023-07,5312,Corpus Christi
513843945,1042613544,"CORPUS CHRISTI, TX",2023-08,5312,Corpus Christi
397950779,821772571,"CORPUS CHRISTI, TX",2023-09,5312,Corpus Christi
937469542,860085534,"CORPUS CHRISTI, TX",2023-10,5312,Corpus Christi
289580421,803141344,"CORPUS CHRISTI, TX",2023-11,5312,Corpus Christi
525451459,1273587928,"CORPUS CHRISTI, TX",2023-12,5312,Corpus Christi
435934978,1121662521,"CORPUS CHRISTI, TX",2024-01,5312,Corpus Christi
511813179,1217454758,"CORPUS CHRISTI, TX",2024-02,5312,Corpus Christi
424611125,949531809,"CORPUS CHRISTI, TX",2024-03,5312,Corpus Christi
539045731,1351382570,"CORPUS CHRISTI, TX",2024-04,5312,Corpus Christi
514142134,1041287959,"CORPUS CHRISTI, TX",2024-05,5312,Corpus Christi
486632524,1004498087,"CORPUS CHRISTI, TX",2024-06,5312,Corpus Christi
503674544,1029915972,"CORPUS CHRISTI, TX",2024-07,5312,Corpus Christi
545969359,1008972455,"CORPUS CHRISTI, TX",2024-08,5312,Corpus Christi
435209741,1094824228,"CORPUS CHRISTI, TX",2024-09,5312,Corpus Christi
533923818,1205563138,"CORPUS CHRISTI, TX",2024-10,5312,Corpus Christi
522381534,1270636125,"CORPUS CHRISTI, TX",2024-11,5312,Corpus Christi
464337242,1200876654,"CORPUS CHRISTI, TX",2024-12,5312,Corpus Christi
334584244,861291917,"CORPUS CHRISTI, TX",2025-01,5312,Corpus Christi
566649155,1163599385,"CORPUS CHRISTI, TX",2025-02,5312,Corpus Christi
464988603,1089515220,"CORPUS CHRISTI, TX",2025-03,5312,Corpus Christi
366528681,1027695660,"CORPUS CHRISTI, TX",2025-04,5312,Corpus Christi
413762033,1144468260,"CORPUS CHRISTI, TX",2025-05,5312,Corpus Christi
392363698,1124944515,"CORPUS CHRISTI, TX",2025-06,5312,Corpus Christi
389039270,938951466,"CORPUS CHRISTI, TX",2025-07,5312,Corpus Christi
471584150,967315641,"CORPUS CHRISTI, TX",2025-08,5312,Corpus Christi
373421591,883657874,"CORPUS CHRISTI, TX",2025-09,5312,Corpus Christi
377326196,886410657,"CORPUS CHRISTI, TX",2025-10,5312,Corpus Christi
236549979,625966643,"CORPUS CHRISTI, TX",2025-11,5312,Corpus Christi
468031033,1206499817,"CORPUS CHRISTI, TX",2025-12,5312,Corpus Christi
432505880,1139079681,"CORPUS CHRISTI, TX",2026-01,5312,Corpus Christi
360501754,977254205,"CORPUS CHRISTI, TX",2026-02,5312,Corpus Christi
315183443,965951038,"CORPUS CHRISTI, TX",2026-03,5312,Corpus Christi
471759277,1063025072,"CORPUS CHRISTI, TX",2026-04,5312,Corpus Christi
617751694,1340644738,"CORPUS CHRISTI, TX",2026-05,5312,Corpus Christi
440935450,1020605249,"CORPUS CHRISTI, TX",2026-06,5312,Corpus Christi
443458816,922624807,"CORPUS CHRISTI, TX",2026-07,5312,Corpus Christi
1841755009,715260902,"SEATTLE, WA",2019-01,3001,Seattle
1521324797,651975322,"SEATTLE, WA",2019-02,3001,Seattle
1524981556,642123780,"SEATTLE, WA",2019-03,3001,Seattle
1560228594,742601272,"SEATTLE, WA",2019-04,3001,Seattle
1645695917,785138363,"SEATTLE, WA",2019-05,3001,Seattle
1531469654,693704021,"SEATTLE, WA",2019-06,3001,Seattle
1849510133,655398276,"SEATTLE, WA",2019-07,3001,Seattle
1842017373,781162257,"SEATTLE, WA",2019-08,3001,Seattle
1567916317,720114719,"SEATTLE, WA",2019-09,3001,Seattle
1301295588,676440626,"SEATTLE, WA",2019-10,3001,Seattle
1194835558,569187688,"SEATTLE, WA",2019-11,3001,Seattle
1215986331,671982222,"SEATTLE, WA",2019-12,3001,Seattle
1295340601,717766422,"SEATTLE, WA",2020-01,3001,Seattle
968574408,559710919,"SEATTLE, WA",2020-02,3001,Seattle
939218526,545177937,"SEATTLE, WA",2020-03,3001,Seattle
1241649519,516470213,"SEATTLE, WA",2020-04,3001,Seattle
1326845764,619219833,"SEATTLE, WA",2020-05,3001,Seattle
1323991897,608971339,"SEATTLE, WA",2020-06,3001,Seattle
1599110942,666224425,"SEATTLE, WA",2020-07,3001,Seattle
1662018904,835428802,"SEATTLE, WA",2020-08,3001,Seattle
1664356643,675568140,"SEATTLE, WA",2020-09,3001,Seattle
1766011092,720654220,"SEATTLE, WA",2020-10,3001,Seattle
1629504168,695988633,"SEATTLE, WA",2020-11,3001,Seattle
1801766384,753077366,"SEATTLE, WA",2020-12,3001,Seattle
1665414345,628839841,"SEATTLE, WA",2021-01,3001,Seattle
1420320187,618476023,"SEATTLE, WA",2021-02,3001,Seattle
2139957113,850598109,"SEATTLE, WA",2021-03,3001,Seattle
2127134204,921612160,"SEATTLE, WA",2021-04,3001,Seattle
1977121907,735169030,"SEATTLE, WA",2021-05,3001,Seattle
1993421062,823619897,"SEATTLE, WA",2021-06,3001,Seattle
2054069962,765451583,"SEATTLE, WA",2021-07,3001,Seattle
1870460756,632805814,"SEATTLE, WA",2021-08,3001,Seattle
1846930815,719607329,"SEATTLE, WA",2021-09,3001,Seattle
1869045026,694752157,"SEATTLE, WA",2021-10,3001,Seattle
1857679567,621930948,"SEATTLE, WA",2021-11,3001,Seattle
1600110419,556692741,"SEATTLE, WA",2021-12,3001,Seattle
1577844649,453087399,"SEATTLE, WA",2022-01,3001,Seattle
1577228087,573228405,"SEATTLE, WA",2022-02,3001,Seattle
1980505902,630567574,"SEATTLE, WA",2022-03,3001,Seattle
1944633030,669280299,"SEATTLE, WA",2022-04,3001,Seattle
2550661508,837486118,"SEATTLE, WA",2022-05,3001,Seattle
1938258995,627921231,"SEATTLE, WA",2022-06,3001,Seattle
2279392891,742860246,"SEATTLE, WA",2022-07,3001,Seattle
1845891596,693605977,"SEATTLE, WA",2022-08,3001,Seattle
1817366508,653060873,"SEATTLE, WA",2022-09,3001,Seattle
1612977656,609983943,"SEATTLE, WA",2022-10,3001,Seattle
1348039950,664278447,"SEATTLE, WA",2022-11,3001,Seattle
1337755741,569188917,"SEATTLE, WA",2022-12,3001,Seattle
1446910226,521128262,"SEATTLE, WA",2023-01,3001,Seattle
1174960106,445095256,"SEATTLE, WA",2023-02,3001,Seattle
1354916703,605183349,"SEATTLE, WA",2023-03,3001,Seattle
1388854420,642754462,"SEATTLE, WA",2023-04,3001,Seattle
1302608066,517136078,"SEATTLE, WA",2023-05,3001,Seattle
1237604806,579972296,"SEATTLE, WA",2023-06,3001,Seattle
1385985918,606283064,"SEATTLE, WA",2023-07,3001,Seattle
1606291943,552793051,"SEATTLE, WA",2023-08,3001,Seattle
1461215563,556519882,"SEATTLE, WA",2023-09,3001,Seattle
1330543598,539807987,"SEATTLE, WA",2023-10,3001,Seattle
1239409542,537776824,"SEATTLE, WA",2023-11,3001,Seattle
1194158526,465306357,"SEATTLE, WA",2023-12,3001,Seattle
1470666502,551048483,"SEATTLE, WA",2024-01,3001,Seattle
1320856442,544633815,"SEATTLE, WA",2024-02,3001,Seattle
1542949129,454129644,"SEATTLE, WA",2024-03,3001,Seattle
1401938575,582478356,"SEATTLE, WA",2024-04,3001,Seattle
1958329506,524261760,"SEATTLE, WA",2024-05,3001,Seattle
1445848443,543526127,"SEATTLE, WA",2024-06,3001,Seattle
1642829970,717562976,"SEATTLE, WA",2024-07,3001,Seattle
2397164522,659696496,"SEATTLE, WA",2024-08,3001,Seattle
2031196397,675233639,"SEATTLE, WA",2024-09,3001,Seattle
1833673053,694189439,"SEATTLE, WA",2024-10,3001,Seattle
1608729347,564545199,"SEATTLE, WA",2024-11,3001,Seattle
1442343082,549234840,"SEATTLE, WA",2024-12,3001,Seattle
1891522749,628479378,"SEATTLE, WA",2025-01,3001,Seattle
1668588278,577957343,"SEATTLE, WA",2025-02,3001,Seattle
1488509068,631529474,"SEATTLE, WA",2025-03,3001,Seattle
1380179258,545876707,"SEATTLE, WA",2025-04,3001,Seattle
1632582034,615535177,"SEATTLE, WA",2025-05,3001,Seattle
1442039919,568149430,"SEATTLE, WA",2025-06,3001,Seattle
1577786115,644785276,"SEATTLE, WA",2025-07,3001,Seattle
1803292991,764885618,"SEATTLE, WA",2025-08,3001,Seattle
1525854835,474024181,"SEATTLE, WA",2025-09,3001,Seattle
1524482477,628476279,"SEATTLE, WA",2025-10,3001,Seattle
1140985634,412174767,"SEATTLE, WA",2025-11,3001,Seattle
1284351588,474145546,"SEATTLE, WA",2025-12,3001,Seattle
1312810163,429842928,"SEATTLE, WA",2026-01,3001,Seattle
1151279400,495791868,"SEATTLE, WA",2026-02,3001,Seattle
1311468834,414518181,"SEATTLE, WA",2026-03,3001,Seattle
1169210228,415879811,"SEATTLE, WA",2026-04,3001,Seattle
1344924213,499442427,"SEATTLE, WA",2026-05,3001,Seattle
1253735903,482698410,"SEATTLE, WA",2026-06,3001,Seattle
1323554310,487267899,"SEATTLE, WA",2026-07,3001,Seattle
3071481362,513664712,"TACOMA, WA",2019-01,3002,Tacoma
3114332906,454909975,"TACOMA, WA",2019-02,3002,Tacoma
3081109861,450703123,"TACOMA, WA",2019-03,3002,Tacoma
3557268218,551555706,"TACOMA, WA",2019-04,3002,Tacoma
3473915393,526587131,"TACOMA, WA",2019-05,3002,Tacoma
3368813556,489533652,"TACOMA, WA",2019-06,3002,Tacoma
3700892769,574545562,"TACOMA, WA",2019-07,3002,Tacoma
3801098393,507018161,"TACOMA, WA",2019-08,3002,Tacoma
3441498741,511718761,"TACOMA, WA",2019-09,3002,Tacoma
3480884719,472588926,"TACOMA, WA",2019-10,3002,Tacoma
3389317295,461251521,"TACOMA, WA",2019-11,3002,Tacoma
3200027460,475425230,"TACOMA, WA",2019-12,3002,Tacoma
2841426841,414710350,"TACOMA, WA",2020-01,3002,Tacoma
2790609615,385750215,"TACOMA, WA",2020-02,3002,Tacoma
3110575552,448891118,"TACOMA, WA",2020-03,3002,Tacoma
2615344119,391528834,"TACOMA, WA",2020-04,3002,Tacoma
2286195032,435662709,"TACOMA, WA",2020-05,3002,Tacoma
2232463198,369529862,"TACOMA, WA",2020-06,3002,Tacoma
2877605010,421094160,"TACOMA, WA",2020-07,3002,Tacoma
2848402041,449054705,"TACOMA, WA",2020-08,3002,Tacoma
2865333568,435562354,"TACOMA, WA",2020-09,3002,Tacoma
3239418484,435132659,"TACOMA, WA",2020-10,3002,Tacoma
3257001813,460206287,"TACOMA, WA",2020-11,3002,Tacoma
2776540977,385499038,"TACOMA, WA",2020-12,3002,Tacoma
2834173881,459779179,"TACOMA, WA",2021-01,3002,Tacoma
2030839406,307306844,"TACOMA, WA",2021-02,3002,Tacoma
3622943463,553385257,"TACOMA, WA",2021-03,3002,Tacoma
3166631190,475284560,"TACOMA, WA",2021-04,3002,Tacoma
2988419962,483062784,"TACOMA, WA",2021-05,3002,Tacoma
3457041997,555347797,"TACOMA, WA",2021-06,3002,Tacoma
3027730306,503081638,"TACOMA, WA",2021-07,3002,Tacoma
3507728649,546063296,"TACOMA, WA",2021-08,3002,Tacoma
2959987594,451396145,"TACOMA, WA",2021-09,3002,Tacoma
3539960804,506534961,"TACOMA, WA",2021-10,3002,Tacoma
2484046997,390930719,"TACOMA, WA",2021-11,3002,Tacoma
2904686868,425347849,"TACOMA, WA",2021-12,3002,Tacoma
3199486686,498099801,"TACOMA, WA",2022-01,3002,Tacoma
3106112866,589813823,"TACOMA, WA",2022-02,3002,Tacoma
3213726349,550920784,"TACOMA, WA",2022-03,3002,Tacoma
2193324438,426500259,"TACOMA, WA",2022-04,3002,Tacoma
2373633057,342753549,"TACOMA, WA",2022-05,3002,Tacoma
2068147481,409318521,"TACOMA, WA",2022-06,3002,Tacoma
2498339008,397048657,"TACOMA, WA",2022-07,3002,Tacoma
2824681558,444502567,"TACOMA, WA",2022-08,3002,Tacoma
2758925048,437793959,"TACOMA, WA",2022-09,3002,Tacoma
3263684906,539227439,"TACOMA, WA",2022-10,3002,Tacoma
3095578253,460741064,"TACOMA, WA",2022-11,3002,Tacoma
2814663438,387852456,"TACOMA, WA",2022-12,3002,Tacoma
3029122746,465978668,"TACOMA, WA",2023-01,3002,Tacoma
3267296644,449303030,"TACOMA, WA",2023-02,3002,Tacoma
3223823237,419844169,"TACOMA, WA",2023-03,3002,Tacoma
2951130192,417178037,"TACOMA, WA",2023-04,3002,Tacoma
3040231005,445626743,"TACOMA, WA",2023-05,3002,Tacoma
3488462153,428408820,"TACOMA, WA",2023-06,3002,Tacoma
3185852180,449148222,"TACOMA, WA",2023-07,3002,Tacoma
3774651508,491785096,"TACOMA, WA",2023-08,3002,Tacoma
4376958470,655051733,"TACOMA, WA",2023-09,3002,Tacoma
3837804838,555476812,"TACOMA, WA",2023-10,3002,Tacoma
3894742408,538705968,"TACOMA, WA",2023-11,3002,Tacoma
3087766653,456315175,"TACOMA, WA",2023-12,3002,Tacoma
3057786266,477191840,"TACOMA, WA",2024-01,3002,Tacoma
2870733524,400678437,"TACOMA, WA",2024-02,3002,Tacoma
3299573350,460133889,"TACOMA, WA",2024-03,3002,Tacoma
3383116846,548858805,"TACOMA, WA",2024-04,3002,Tacoma
3655451547,582278239,"TACOMA, WA",2024-05,3002,Tacoma
3831826644,635653659,"TACOMA, WA",2024-06,3002,Tacoma
4219455910,699212816,"TACOMA, WA",2024-07,3002,Tacoma
3768818704,575685344,"TACOMA, WA",2024-08,3002,Tacoma
3758206472,604732865,"TACOMA, WA",2024-09,3002,Tacoma
3452776383,583255669,"TACOMA, WA",2024-10,3002,Tacoma
3186121178,538656651,"TACOMA, WA",2024-11,3002,Tacoma
3116034290,571724078,"TACOMA, WA",2024-12,3002,Tacoma
3401578568,583468132,"TACOMA, WA",2025-01,3002,Tacoma
2855860321,485033973,"TACOMA, WA",2025-02,3002,Tacoma
3753641337,571992427,"TACOMA, WA",2025-03,3002,Tacoma
2753557344,493215151,"TACOMA, WA",2025-04,3002,Tacoma
2956579306,463818069,"TACOMA, WA",2025-05,3002,Tacoma
3074475686,507017421,"TACOMA, WA",2025-06,3002,Tacoma
3222472683,501549587,"TACOMA, WA",2025-07,3002,Tacoma
2839653350,434607885,"TACOMA, WA",2025-08,3002,Tacoma
3027228122,502279277,"TACOMA, WA",2025-09,3002,Tacoma
2696143842,624363996,"TACOMA, WA",2025-10,3002,Tacoma
2760981504,504489099,"TACOMA, WA",2025-11,3002,Tacoma
2569343284,398507614,"TACOMA, WA",2025-12,3002,Tacoma
2891741844,453852217,"TACOMA, WA",2026-01,3002,Tacoma
2431456347,438175196,"TACOMA, WA",2026-02,3002,Tacoma
2754071238,441897530,"TACOMA, WA",2026-03,3002,Tacoma
2843392631,458316351,"TACOMA, WA",2026-04,3002,Tacoma
2770345320,471119067,"TACOMA, WA",2026-05,3002,Tacoma
2918465286,462923361,"TACOMA, WA",2026-06,3002,Tacoma
2865194796,454991111,"TACOMA, WA",2026-07,3002,Tacoma
655206325,171292663,"PORTLAND, OR",2019-01,2904,Portland OR
555635710,227451320,"PORTLAND, OR",2019-02,2904,Portland OR
635661528,110467083,"PORTLAND, OR",2019-03,2904,Portland OR
601077640,154628696,"PORTLAND, OR",2019-04,2904,Portland OR
496861385,334841605,"PORTLAND, OR",2019-05,2904,Portland OR
604423765,222372300,"PORTLAND, OR",2019-06,2904,Portland OR
593392265,185476055,"PORTLAND, OR",2019-07,2904,Portland OR
486004951,179643667,"PORTLAND, OR",2019-08,2904,Portland OR
541822966,249539093,"PORTLAND, OR",2019-09,2904,Portland OR
436929019,210652424,"PORTLAND, OR",2019-10,2904,Portland OR
524389790,143312489,"PORTLAND, OR",2019-11,2904,Portland OR
547306300,200484592,"PORTLAND, OR",2019-12,2904,Portland OR
359703920,111776425,"PORTLAND, OR",2020-01,2904,Portland OR
477773323,247173443,"PORTLAND, OR",2020-02,2904,Portland OR
556928348,209890525,"PORTLAND, OR",2020-03,2904,Portland OR
464688144,125157637,"PORTLAND, OR",2020-04,2904,Portland OR
346795922,160723207,"PORTLAND, OR",2020-05,2904,Portland OR
275479152,193887041,"PORTLAND, OR",2020-06,2904,Portland OR
357112626,145840990,"PORTLAND, OR",2020-07,2904,Portland OR
635662564,210075013,"PORTLAND, OR",2020-08,2904,Portland OR
635617350,227341984,"PORTLAND, OR",2020-09,2904,Portland OR
681881466,234663864,"PORTLAND, OR",2020-10,2904,Portland OR
473956063,145362604,"PORTLAND, OR",2020-11,2904,Portland OR
686739901,166432328,"PORTLAND, OR",2020-12,2904,Portland OR
554425445,89665403,"PORTLAND, OR",2021-01,2904,Portland OR
492760966,251881599,"PORTLAND, OR",2021-02,2904,Portland OR
628307590,186973527,"PORTLAND, OR",2021-03,2904,Portland OR
525924846,272554770,"PORTLAND, OR",2021-04,2904,Portland OR
650323038,275545161,"PORTLAND, OR",2021-05,2904,Portland OR
622429283,202094882,"PORTLAND, OR",2021-06,2904,Portland OR
575155389,219386332,"PORTLAND, OR",2021-07,2904,Portland OR
622366255,319908389,"PORTLAND, OR",2021-08,2904,Portland OR
626650807,271150141,"PORTLAND, OR",2021-09,2904,Portland OR
547320897,253994189,"PORTLAND, OR",2021-10,2904,Portland OR
928408011,311305610,"PORTLAND, OR",2021-11,2904,Portland OR
741704196,225532362,"PORTLAND, OR",2021-12,2904,Portland OR
697385218,216100860,"PORTLAND, OR",2022-01,2904,Portland OR
486090856,252233642,"PORTLAND, OR",2022-02,2904,Portland OR
856525926,279430210,"PORTLAND, OR",2022-03,2904,Portland OR
790258377,249965785,"PORTLAND, OR",2022-04,2904,Portland OR
776163068,397258236,"PORTLAND, OR",2022-05,2904,Portland OR
770854493,289843643,"PORTLAND, OR",2022-06,2904,Portland OR
769464687,257056651,"PORTLAND, OR",2022-07,2904,Portland OR
817214825,304710803,"PORTLAND, OR",2022-08,2904,Portland OR
742337370,290266399,"PORTLAND, OR",2022-09,2904,Portland OR
743347171,254138920,"PORTLAND, OR",2022-10,2904,Portland OR
616513987,276331498,"PORTLAND, OR",2022-11,2904,Portland OR
810903294,218994807,"PORTLAND, OR",2022-12,2904,Portland OR
389766894,188076248,"PORTLAND, OR",2023-01,2904,Portland OR
646279630,296600550,"PORTLAND, OR",2023-02,2904,Portland OR
632133892,210191692,"PORTLAND, OR",2023-03,2904,Portland OR
754106243,275445663,"PORTLAND, OR",2023-04,2904,Portland OR
706565196,188613315,"PORTLAND, OR",2023-05,2904,Portland OR
912457595,227149760,"PORTLAND, OR",2023-06,2904,Portland OR
564179936,238382858,"PORTLAND, OR",2023-07,2904,Portland OR
828011056,308949451,"PORTLAND, OR",2023-08,2904,Portland OR
680919396,285014075,"PORTLAND, OR",2023-09,2904,Portland OR
949511121,231395469,"PORTLAND, OR",2023-10,2904,Portland OR
643365349,251733617,"PORTLAND, OR",2023-11,2904,Portland OR
683795050,148458787,"PORTLAND, OR",2023-12,2904,Portland OR
1123130954,278714297,"PORTLAND, OR",2024-01,2904,Portland OR
800307555,242158056,"PORTLAND, OR",2024-02,2904,Portland OR
839516537,170723415,"PORTLAND, OR",2024-03,2904,Portland OR
817067391,319968806,"PORTLAND, OR",2024-04,2904,Portland OR
879054796,341572624,"PORTLAND, OR",2024-05,2904,Portland OR
854209759,220604325,"PORTLAND, OR",2024-06,2904,Portland OR
698394413,160190386,"PORTLAND, OR",2024-07,2904,Portland OR
1044178735,306366236,"PORTLAND, OR",2024-08,2904,Portland OR
727254681,205185828,"PORTLAND, OR",2024-09,2904,Portland OR
687318051,197528788,"PORTLAND, OR",2024-10,2904,Portland OR
1120706135,195342521,"PORTLAND, OR",2024-11,2904,Portland OR
961848685,162010160,"PORTLAND, OR",2024-12,2904,Portland OR
824405726,213123234,"PORTLAND, OR",2025-01,2904,Portland OR
567491672,132934475,"PORTLAND, OR",2025-02,2904,Portland OR
877729762,328181028,"PORTLAND, OR",2025-03,2904,Portland OR
856083179,240291588,"PORTLAND, OR",2025-04,2904,Portland OR
723237390,166004234,"PORTLAND, OR",2025-05,2904,Portland OR
760288560,229551235,"PORTLAND, OR",2025-06,2904,Portland OR
697445604,265378361,"PORTLAND, OR",2025-07,2904,Portland OR
602679868,181593038,"PORTLAND, OR",2025-08,2904,Portland OR
560929640,178507350,"PORTLAND, OR",2025-09,2904,Portland OR
586271652,193582777,"PORTLAND, OR",2025-10,2904,Portland OR
758351789,158660341,"PORTLAND, OR",2025-11,2904,Portland OR
735258924,210715927,"PORTLAND, OR",2025-12,2904,Portland OR
802742661,156090183,"PORTLAND, OR",2026-01,2904,Portland OR
734238484,207253082,"PORTLAND, OR",2026-02,2904,Portland OR
947282513,297250140,"PORTLAND, OR",2026-03,2904,Portland OR
844788683,222487378,"PORTLAND, OR",2026-04,2904,Portland OR
834453310,208233883,"PORTLAND, OR",2026-05,2904,Portland OR
796584070,212324823,"PORTLAND, OR",2026-06,2904,Portland OR
906917711,212367629,"PORTLAND, OR",2026-07,2904,Portland OR
